# cam @ 0x815a9224
t	mode	ratio	E	aCnt	eCnt	dCnt	dLast	cCnt	cLast	posTy	u18y	eyeY	atY
   0.00	0	0.087	0	2422472832	2087191206	2690908578	65428304182531588096	2959344034	4652310027927907723342638929661657088	694	694	716	543
   0.12	0	0.000	564	2422472832	2087191206	2690908578	65428304182531588096	2959344034	4652310027927907723342638929661657088	575	575	590	514
   0.25	0	0.000	1923	2422472832	2087191206	2690908578	65428304182531588096	2959344034	4652310027927907723342638929661657088	485	485	499	495
   0.37	0	0.000	3284	2422472832	2087191206	2690908578	65428304182531588096	2959344034	4652310027927907723342638929661657088	444	394	445	489
   0.50	0	0.000	4555	2422472832	2087191206	2690908578	65428304182531588096	2959344034	4652310027927907723342638929661657088	444	310	444	512
   0.64	0	0.000	6190	2422472832	2087191206	2690908578	65428304182531588096	2959344034	4652310027927907723342638929661657088	444	204	444	573
   0.79	0	0.000	7825	2422472832	2087191206	2690908578	65428304182531588096	2959344034	4652310027927907723342638929661657088	444	106	444	650
   0.94	0	-0.000	8338	2422472832	2087191206	2690908578	65428304182531588096	2959344034	4652310027927907723342638929661657088	444	76	444	724
   1.08	0	-0.000	8338	2422472832	2087191206	2690908578	65428304182531588096	2959344034	4652310027927907723342638929661657088	444	247	444	628
   1.22	0	-0.000	8338	2422472832	2087191206	2690908578	65428304182531588096	2959344034	4652310027927907723342638929661657088	444	362	444	617
   1.36	0	-0.000	8338	2422472832	2087191206	2690908578	65428304182531588096	2959344034	4652310027927907723342638929661657088	444	396	444	639
   1.47	0	-0.000	8338	2422472832	2087191206	2690908578	65428304182531588096	2959344034	4652310027927907723342638929661657088	444	377	444	649
   1.61	0	-0.000	8338	2422472832	2087191206	2690908578	65428304182531588096	2959344034	4652310027927907723342638929661657088	444	288	444	636
   1.74	0	-0.000	8338	2422472832	2087191206	2690908578	65428304182531588096	2959344034	4652310027927907723342638929661657088	444	138	444	581
   1.89	0	-0.000	8338	2422472832	2087191206	2690908578	65428304182531588096	2959344034	4652310027927907723342638929661657088	444	174	444	510
   2.01	0	0.000	7524	2422472832	2087191206	2690908578	65428304182531588096	2959344034	4652310027927907723342638929661657088	444	289	444	509
   2.14	0	0.000	6076	2422472832	2087191206	2690908578	65428304182531588096	2959344034	4652310027927907723342638929661657088	444	396	444	520
   2.29	0	0.000	4447	2422472832	2087191206	2690908578	65428304182531588096	2959344034	4652310027927907723342638929661657088	444	444	444	520
   2.43	0	0.000	3002	2422472832	2087191206	2690908578	65428304182531588096	2959344034	4652310027927907723342638929661657088	444	422	444	484
   2.55	0	0.000	1648	2422472832	2087191206	2690908578	65428304182531588096	2959344034	4652310027927907723342638929661657088	503	503	490	470
   2.70	0	0.000	24	2422472832	2087191206	2690908578	65428304182531588096	2959344034	4652310027927907723342638929661657088	611	611	597	467
   2.85	0	0.168	0	2422472832	2087191206	2690908578	65428304182531588096	2959344034	4652310027927907723342638929661657088	769	769	745	474
   2.99	0	0.229	0	2422472832	2087191206	2690908578	65428304182531588096	2959344034	4652310027927907723342638929661657088	837	837	846	495
   3.08	0	0.135	0	2422472832	2087191206	2690908578	65428304182531588096	2959344034	4652310027927907723342638929661657088	741	741	763	500
   3.20	0	0.000	108	2422472832	2087191206	2690908578	65428304182531588096	2959344034	4652310027927907723342638929661657088	606	606	626	492
   3.35	0	0.000	1743	2422472832	2087191206	2690908578	65428304182531588096	2959344034	4652310027927907723342638929661657088	496	496	511	478
   3.48	0	0.000	3109	2422472832	2087191206	2690908578	65428304182531588096	2959344034	4652310027927907723342638929661657088	444	405	446	476
   3.63	0	0.000	4748	2422472832	2087191206	2690908578	65428304182531588096	2959344034	4652310027927907723342638929661657088	444	297	444	512
   3.77	0	0.000	6296	2422472832	2087191206	2690908578	65428304182531588096	2959344034	4652310027927907723342638929661657088	444	198	444	573
   3.86	0	0.000	7298	2422472832	2087191206	2690908578	65428304182531588096	2959344034	4652310027927907723342638929661657088	444	137	444	621
   4.01	0	0.000	8937	2422472832	2087191206	2690908578	65428304182531588096	2959344034	4652310027927907723342638929661657088	444	70	444	633
   4.15	0	-0.000	9639	2422472832	2087191206	2690908578	65428304182531588096	2959344034	4652310027927907723342638929661657088	444	59	444	546
   4.21	0	-0.000	9639	2422472832	2087191206	2690908578	65428304182531588096	2959344034	4652310027927907723342638929661657088	444	50	444	520
   4.35	0	-0.000	9639	2422472832	2087191206	2690908578	65428304182531588096	2959344034	4652310027927907723342638929661657088	444	7	444	474
   4.50	0	-0.000	9639	2422472832	2087191206	2690908578	65428304182531588096	2959344034	4652310027927907723342638929661657088	444	104	444	462
   4.65	0	-0.000	9639	2422472832	2087191206	2690908578	65428304182531588096	2959344034	4652310027927907723342638929661657088	444	183	444	483
   4.80	0	-0.000	9639	2422472832	2087191206	2690908578	65428304182531588096	2959344034	4652310027927907723342638929661657088	444	181	444	508
   4.95	0	-0.000	9639	2422472832	2087191206	2690908578	65428304182531588096	2959344034	4652310027927907723342638929661657088	444	98	444	503
   5.10	0	0.000	9620	2422472832	2087191206	2690908578	65428304182531588096	2959344034	4652310027927907723342638929661657088	444	8	444	470
   5.25	0	0.000	8093	2422472832	2087191206	2690908578	65428304182531588096	2959344034	4652310027927907723342638929661657088	444	90	444	467
   5.40	0	-0.000	6946	2422472832	2087191206	2690908578	65428304182531588096	2959344034	4652310027927907723342638929661657088	444	158	444	465
   5.55	0	0.000	8340	2422472832	2087191206	2690908578	65428304182531588096	2959344034	4652310027927907723342638929661657088	444	76	444	465
   5.70	0	0.000	9886	2422472832	2087191206	2690908578	65428304182531588096	2959344034	4652310027927907723342638929661657088	444	-6	444	464
   5.85	0	0.000	10923	2422472832	2087191206	2690908578	65428304182531588096	2959344034	4652310027927907723342638929661657088	444	-55	444	464
   6.00	0	0.000	10923	2422472832	2087191206	2690908578	65428304182531588096	2959344034	4652310027927907723342638929661657088	444	-55	444	464
   6.15	0	0.000	10923	2422472832	2087191206	2690908578	65428304182531588096	2959344034	4652310027927907723342638929661657088	444	-55	444	465
   6.30	0	0.000	9860	2422472832	2087191206	2690908578	65428304182531588096	2959344034	4652310027927907723342638929661657088	444	-4	444	465
   6.43	0	0.000	8404	2422472832	2087191206	2690908578	65428304182531588096	2959344034	4652310027927907723342638929661657088	444	73	444	464
   6.58	0	0.000	6764	2422472832	2087191206	2690908578	65428304182531588096	2959344034	4652310027927907723342638929661657088	444	169	444	464
   6.72	0	0.000	5216	2422472832	2087191206	2690908578	65428304182531588096	2959344034	4652310027927907723342638929661657088	444	266	444	462
   6.87	0	0.000	3668	2422472832	2087191206	2690908578	65428304182531588096	2959344034	4652310027927907723342638929661657088	444	368	444	462
   7.02	0	0.000	2029	2422472832	2087191206	2690908578	65428304182531588096	2959344034	4652310027927907723342638929661657088	453	477	450	461
   7.17	0	0.000	390	2422472832	2087191206	2690908578	65428304182531588096	2959344034	4652310027927907723342638929661657088	480	587	477	461
   7.32	0	0.130	0	2422472832	2087191206	2690908578	65428304182531588096	2959344034	4652310027927907723342638929661657088	624	729	599	467
   7.46	0	0.309	0	2422472832	2087191206	2690908578	65428304182531588096	2959344034	4652310027927907723342638929661657088	844	923	814	491
   7.60	0	0.254	0	2422472832	2087191206	2690908578	65428304182531588096	2959344034	4652310027927907723342638929661657088	803	856	821	515
   7.75	0	0.078	0	2422472832	2087191206	2690908578	65428304182531588096	2959344034	4652310027927907723342638929661657088	659	686	677	512
   7.89	0	0.000	925	2422472832	2087191206	2690908578	65428304182531588096	2959344034	4652310027927907723342638929661657088	551	551	565	492
   8.03	0	0.000	2382	2422472832	2087191206	2690908578	65428304182531588096	2959344034	4652310027927907723342638929661657088	454	454	468	479
   8.18	0	0.000	4021	2422472832	2087191206	2690908578	65428304182531588096	2959344034	4652310027927907723342638929661657088	444	345	444	493
   8.33	0	0.000	5569	2422472832	2087191206	2690908578	65428304182531588096	2959344034	4652310027927907723342638929661657088	444	243	444	544
   8.47	0	0.000	7209	2422472832	2087191206	2690908578	65428304182531588096	2959344034	4652310027927907723342638929661657088	444	142	444	618
   8.60	0	0.000	8666	2422472832	2087191206	2690908578	65428304182531588096	2959344034	4652310027927907723342638929661657088	444	59	444	691
   8.74	0	-0.000	8887	2422472832	2087191206	2690908578	65428304182531588096	2959344034	4652310027927907723342638929661657088	444	46	444	756
   8.89	0	-0.000	8887	2422472832	2087191206	2690908578	65428304182531588096	2959344034	4652310027927907723342638929661657088	444	46	444	790
   9.04	0	-0.000	8887	2422472832	2087191206	2690908578	65428304182531588096	2959344034	4652310027927907723342638929661657088	444	46	444	790
   9.17	0	-0.000	8887	2422472832	2087191206	2690908578	65428304182531588096	2959344034	4652310027927907723342638929661657088	444	46	444	790
   9.32	0	-0.000	8887	2422472832	2087191206	2690908578	65428304182531588096	2959344034	4652310027927907723342638929661657088	444	46	444	790
   9.47	0	-0.000	8887	2422472832	2087191206	2690908578	65428304182531588096	2959344034	4652310027927907723342638929661657088	444	46	444	790
   9.62	0	-0.000	8887	2422472832	2087191206	2690908578	65428304182531588096	2959344034	4652310027927907723342638929661657088	444	46	444	790
   9.75	0	-0.000	8887	2422472832	2087191206	2690908578	65428304182531588096	2959344034	4652310027927907723342638929661657088	444	46	444	790
   9.88	0	-0.000	8887	2422472832	2087191206	2690908578	65428304182531588096	2959344034	4652310027927907723342638929661657088	444	46	444	790
  10.02	0	-0.000	8887	2422472832	2087191206	2690908578	65428304182531588096	2959344034	4652310027927907723342638929661657088	444	46	444	790
  10.17	0	-0.000	8887	2422472832	2087191206	2690908578	65428304182531588096	2959344034	4652310027927907723342638929661657088	444	46	444	790
  10.33	0	-0.000	8887	2422472832	2087191206	2690908578	65428304182531588096	2959344034	4652310027927907723342638929661657088	444	46	444	790
  10.38	0	-0.000	8887	2422472832	2087191206	2690908578	65428304182531588096	2959344034	4652310027927907723342638929661657088	444	46	444	790
  10.43	0	-0.000	8887	2422472832	2087191206	2690908578	65428304182531588096	2959344034	4652310027927907723342638929661657088	444	46	444	790
  10.48	0	-0.000	8887	2422472832	2087191206	2690908578	65428304182531588096	2959344034	4652310027927907723342638929661657088	444	46	444	790
  10.54	0	-0.000	8887	2422472832	2087191206	2690908578	65428304182531588096	2959344034	4652310027927907723342638929661657088	444	46	444	790
  10.59	0	-0.000	8887	2422472832	2087191206	2690908578	65428304182531588096	2959344034	4652310027927907723342638929661657088	444	46	444	790
  10.64	0	-0.000	8887	2422472832	2087191206	2690908578	65428304182531588096	2959344034	4652310027927907723342638929661657088	444	46	444	790
  10.70	0	-0.000	8887	2422472832	2087191206	2690908578	65428304182531588096	2959344034	4652310027927907723342638929661657088	444	46	444	790
  10.75	0	-0.000	8887	2422472832	2087191206	2690908578	65428304182531588096	2959344034	4652310027927907723342638929661657088	444	46	444	790
  10.80	0	-0.000	8887	2422472832	2087191206	2690908578	65428304182531588096	2959344034	4652310027927907723342638929661657088	444	46	444	790
  10.86	0	-0.000	8887	2422472832	2087191206	2690908578	65428304182531588096	2959344034	4652310027927907723342638929661657088	444	46	444	790
  10.91	0	-0.000	8887	2422472832	2087191206	2690908578	65428304182531588096	2959344034	4652310027927907723342638929661657088	444	46	444	790
  10.97	0	-0.000	8887	2422472832	2087191206	2690908578	65428304182531588096	2959344034	4652310027927907723342638929661657088	444	46	444	790
  11.02	0	-0.000	8887	2422472832	2087191206	2690908578	65428304182531588096	2959344034	4652310027927907723342638929661657088	444	46	444	790
  11.07	0	-0.000	8887	2422472832	2087191206	2690908578	65428304182531588096	2959344034	4652310027927907723342638929661657088	444	46	444	790
  11.12	0	-0.000	8887	2422472832	2087191206	2690908578	65428304182531588096	2959344034	4652310027927907723342638929661657088	444	46	444	790
  11.18	0	-0.000	8887	2422472832	2087191206	2690908578	65428304182531588096	2959344034	4652310027927907723342638929661657088	444	46	444	790
  11.23	0	-0.000	8887	2422472832	2087191206	2690908578	65428304182531588096	2959344034	4652310027927907723342638929661657088	444	46	444	790
  11.29	0	-0.000	8887	2422472832	2087191206	2690908578	65428304182531588096	2959344034	4652310027927907723342638929661657088	444	46	444	790
  11.34	0	-0.000	8887	2422472832	2087191206	2690908578	65428304182531588096	2959344034	4652310027927907723342638929661657088	444	46	444	790
  11.40	0	-0.000	8887	2422472832	2087191206	2690908578	65428304182531588096	2959344034	4652310027927907723342638929661657088	444	46	444	790
  11.45	0	-0.000	8887	2422472832	2087191206	2690908578	65428304182531588096	2959344034	4652310027927907723342638929661657088	444	46	444	790
  11.51	0	-0.000	8887	2422472832	2087191206	2690908578	65428304182531588096	2959344034	4652310027927907723342638929661657088	444	46	444	790
  11.56	0	-0.000	8887	2422472832	2087191206	2690908578	65428304182531588096	2959344034	4652310027927907723342638929661657088	444	46	444	790
  11.61	0	-0.000	8887	2422472832	2087191206	2690908578	65428304182531588096	2959344034	4652310027927907723342638929661657088	444	46	444	790
  11.66	0	-0.000	8887	2422472832	2087191206	2690908578	65428304182531588096	2959344034	4652310027927907723342638929661657088	444	46	444	790
  11.72	0	-0.000	8887	2422472832	2087191206	2690908578	65428304182531588096	2959344034	4652310027927907723342638929661657088	444	46	444	790
  11.78	0	-0.000	8887	2422472832	2087191206	2690908578	65428304182531588096	2959344034	4652310027927907723342638929661657088	444	46	444	790
  11.83	0	-0.000	8887	2422472832	2087191206	2690908578	65428304182531588096	2959344034	4652310027927907723342638929661657088	444	46	444	790
  11.88	0	-0.000	8887	2422472832	2087191206	2690908578	65428304182531588096	2959344034	4652310027927907723342638929661657088	444	46	444	790
  11.94	0	-0.000	8887	2422472832	2087191206	2690908578	65428304182531588096	2959344034	4652310027927907723342638929661657088	444	46	444	790
  11.99	0	-0.000	8887	2422472832	2087191206	2690908578	65428304182531588096	2959344034	4652310027927907723342638929661657088	444	46	444	790
  12.05	0	-0.000	8887	2422472832	2087191206	2690908578	65428304182531588096	2959344034	4652310027927907723342638929661657088	444	46	444	790
  12.10	0	-0.000	8887	2422472832	2087191206	2690908578	65428304182531588096	2959344034	4652310027927907723342638929661657088	444	46	444	790
  12.16	0	-0.000	8887	2422472832	2087191206	2690908578	65428304182531588096	2959344034	4652310027927907723342638929661657088	444	46	444	790
  12.21	0	-0.000	8887	2422472832	2087191206	2690908578	65428304182531588096	2959344034	4652310027927907723342638929661657088	444	46	444	790
  12.27	0	-0.000	8887	2422472832	2087191206	2690908578	65428304182531588096	2959344034	4652310027927907723342638929661657088	444	46	444	790
  12.32	0	-0.000	8887	2422472832	2087191206	2690908578	65428304182531588096	2959344034	4652310027927907723342638929661657088	444	46	444	790
  12.38	0	-0.000	8887	2422472832	2087191206	2690908578	65428304182531588096	2959344034	4652310027927907723342638929661657088	444	46	444	790
  12.43	0	-0.000	8887	2422472832	2087191206	2690908578	65428304182531588096	2959344034	4652310027927907723342638929661657088	444	46	444	790
  12.48	0	-0.000	8887	2422472832	2087191206	2690908578	65428304182531588096	2959344034	4652310027927907723342638929661657088	444	46	444	790
  12.53	0	-0.000	8887	2422472832	2087191206	2690908578	65428304182531588096	2959344034	4652310027927907723342638929661657088	444	46	444	790
  12.58	0	-0.000	8887	2422472832	2087191206	2690908578	65428304182531588096	2959344034	4652310027927907723342638929661657088	444	46	444	790
  12.64	0	-0.000	8887	2422472832	2087191206	2690908578	65428304182531588096	2959344034	4652310027927907723342638929661657088	444	46	444	790
  12.69	0	-0.000	8887	2422472832	2087191206	2690908578	65428304182531588096	2959344034	4652310027927907723342638929661657088	444	46	444	790
  12.75	0	-0.000	8887	2422472832	2087191206	2690908578	65428304182531588096	2959344034	4652310027927907723342638929661657088	444	46	444	790
  12.80	0	-0.000	8887	2422472832	2087191206	2690908578	65428304182531588096	2959344034	4652310027927907723342638929661657088	444	46	444	790
  12.85	0	-0.000	8887	2422472832	2087191206	2690908578	65428304182531588096	2959344034	4652310027927907723342638929661657088	444	46	444	790
  12.90	0	-0.000	8887	2422472832	2087191206	2690908578	65428304182531588096	2959344034	4652310027927907723342638929661657088	444	46	444	790
  12.96	0	-0.000	8887	2422472832	2087191206	2690908578	65428304182531588096	2959344034	4652310027927907723342638929661657088	444	46	444	790
  13.01	0	-0.000	8887	2422472832	2087191206	2690908578	65428304182531588096	2959344034	4652310027927907723342638929661657088	444	46	444	790
  13.07	0	-0.000	8887	2422472832	2087191206	2690908578	65428304182531588096	2959344034	4652310027927907723342638929661657088	444	46	444	790
  13.12	0	-0.000	8887	2422472832	2087191206	2690908578	65428304182531588096	2959344034	4652310027927907723342638929661657088	444	46	444	790
  13.17	0	-0.000	8887	2422472832	2087191206	2690908578	65428304182531588096	2959344034	4652310027927907723342638929661657088	444	46	444	790
  13.23	0	-0.000	8887	2422472832	2087191206	2690908578	65428304182531588096	2959344034	4652310027927907723342638929661657088	444	46	444	790
  13.28	0	-0.000	8887	2422472832	2087191206	2690908578	65428304182531588096	2959344034	4652310027927907723342638929661657088	444	46	444	790
  13.33	0	-0.000	8887	2422472832	2087191206	2690908578	65428304182531588096	2959344034	4652310027927907723342638929661657088	444	46	444	790
  13.39	0	-0.000	8887	2422472832	2087191206	2690908578	65428304182531588096	2959344034	4652310027927907723342638929661657088	444	46	444	790
  13.44	0	-0.000	8887	2422472832	2087191206	2690908578	65428304182531588096	2959344034	4652310027927907723342638929661657088	444	46	444	790
  13.49	0	-0.000	8887	2422472832	2087191206	2690908578	65428304182531588096	2959344034	4652310027927907723342638929661657088	444	46	444	790
  13.54	0	-0.000	8887	2422472832	2087191206	2690908578	65428304182531588096	2959344034	4652310027927907723342638929661657088	444	46	444	790
  13.60	0	-0.000	8887	2422472832	2087191206	2690908578	65428304182531588096	2959344034	4652310027927907723342638929661657088	444	46	444	790
  13.65	0	-0.000	8887	2422472832	2087191206	2690908578	65428304182531588096	2959344034	4652310027927907723342638929661657088	444	46	444	790
  13.71	0	-0.000	8887	2422472832	2087191206	2690908578	65428304182531588096	2959344034	4652310027927907723342638929661657088	444	46	444	790
  13.76	0	-0.000	8887	2422472832	2087191206	2690908578	65428304182531588096	2959344034	4652310027927907723342638929661657088	444	46	444	790
  13.82	0	-0.000	8887	2422472832	2087191206	2690908578	65428304182531588096	2959344034	4652310027927907723342638929661657088	444	46	444	790
  13.87	0	-0.000	8887	2422472832	2087191206	2690908578	65428304182531588096	2959344034	4652310027927907723342638929661657088	444	46	444	790
  13.92	0	-0.000	8887	2422472832	2087191206	2690908578	65428304182531588096	2959344034	4652310027927907723342638929661657088	444	46	444	790
  13.97	0	-0.000	8887	2422472832	2087191206	2690908578	65428304182531588096	2959344034	4652310027927907723342638929661657088	444	46	444	790
  14.03	0	-0.000	8887	2422472832	2087191206	2690908578	65428304182531588096	2959344034	4652310027927907723342638929661657088	444	46	444	790
  14.08	0	-0.000	8887	2422472832	2087191206	2690908578	65428304182531588096	2959344034	4652310027927907723342638929661657088	444	46	444	790
  14.14	0	-0.000	8887	2422472832	2087191206	2690908578	65428304182531588096	2959344034	4652310027927907723342638929661657088	444	46	444	790
  14.19	0	-0.000	8887	2422472832	2087191206	2690908578	65428304182531588096	2959344034	4652310027927907723342638929661657088	444	46	444	790
  14.24	0	-0.000	8887	2422472832	2087191206	2690908578	65428304182531588096	2959344034	4652310027927907723342638929661657088	444	46	444	790
  14.30	0	-0.000	8887	2422472832	2087191206	2690908578	65428304182531588096	2959344034	4652310027927907723342638929661657088	444	46	444	790
  14.35	0	-0.000	8887	2422472832	2087191206	2690908578	65428304182531588096	2959344034	4652310027927907723342638929661657088	444	46	444	790
  14.41	0	-0.000	8887	2422472832	2087191206	2690908578	65428304182531588096	2959344034	4652310027927907723342638929661657088	444	46	444	790
  14.46	0	-0.000	8887	2422472832	2087191206	2690908578	65428304182531588096	2959344034	4652310027927907723342638929661657088	444	46	444	790
  14.52	0	-0.000	8887	2422472832	2087191206	2690908578	65428304182531588096	2959344034	4652310027927907723342638929661657088	444	46	444	790
  14.57	0	-0.000	8887	2422472832	2087191206	2690908578	65428304182531588096	2959344034	4652310027927907723342638929661657088	444	46	444	790
  14.62	0	-0.000	8887	2422472832	2087191206	2690908578	65428304182531588096	2959344034	4652310027927907723342638929661657088	444	46	444	790
  14.68	0	-0.000	8887	2422472832	2087191206	2690908578	65428304182531588096	2959344034	4652310027927907723342638929661657088	444	46	444	790
  14.73	0	-0.000	8887	2422472832	2087191206	2690908578	65428304182531588096	2959344034	4652310027927907723342638929661657088	444	46	444	790
  14.78	0	-0.000	8887	2422472832	2087191206	2690908578	65428304182531588096	2959344034	4652310027927907723342638929661657088	444	46	444	790
  14.84	0	-0.000	8887	2422472832	2087191206	2690908578	65428304182531588096	2959344034	4652310027927907723342638929661657088	444	46	444	790
  14.89	0	-0.000	8887	2422472832	2087191206	2690908578	65428304182531588096	2959344034	4652310027927907723342638929661657088	444	46	444	790
  14.94	0	-0.000	8887	2422472832	2087191206	2690908578	65428304182531588096	2959344034	4652310027927907723342638929661657088	444	46	444	790
  14.99	0	-0.000	8887	2422472832	2087191206	2690908578	65428304182531588096	2959344034	4652310027927907723342638929661657088	444	46	444	790
  15.04	0	-0.000	8887	2422472832	2087191206	2690908578	65428304182531588096	2959344034	4652310027927907723342638929661657088	444	46	444	790
  15.09	0	-0.000	8887	2422472832	2087191206	2690908578	65428304182531588096	2959344034	4652310027927907723342638929661657088	444	46	444	790
  15.15	0	-0.000	8887	2422472832	2087191206	2690908578	65428304182531588096	2959344034	4652310027927907723342638929661657088	444	46	444	790
  15.20	0	-0.000	8887	2422472832	2087191206	2690908578	65428304182531588096	2959344034	4652310027927907723342638929661657088	444	46	444	790
  15.25	0	-0.000	8887	2422472832	2087191206	2690908578	65428304182531588096	2959344034	4652310027927907723342638929661657088	444	46	444	790
  15.31	0	-0.000	8887	2422472832	2087191206	2690908578	65428304182531588096	2959344034	4652310027927907723342638929661657088	444	46	444	790
  15.36	0	-0.000	8887	2422472832	2087191206	2690908578	65428304182531588096	2959344034	4652310027927907723342638929661657088	444	46	444	790
  15.41	0	-0.000	8887	2422472832	2087191206	2690908578	65428304182531588096	2959344034	4652310027927907723342638929661657088	444	46	444	790
  15.47	0	-0.000	8887	2422472832	2087191206	2690908578	65428304182531588096	2959344034	4652310027927907723342638929661657088	444	46	444	790
  15.52	0	-0.000	8887	2422472832	2087191206	2690908578	65428304182531588096	2959344034	4652310027927907723342638929661657088	444	46	444	790
  15.57	0	-0.000	8887	2422472832	2087191206	2690908578	65428304182531588096	2959344034	4652310027927907723342638929661657088	444	46	444	790
  15.63	0	-0.000	8887	2422472832	2087191206	2690908578	65428304182531588096	2959344034	4652310027927907723342638929661657088	444	46	444	790
  15.68	0	-0.000	8887	2422472832	2087191206	2690908578	65428304182531588096	2959344034	4652310027927907723342638929661657088	444	46	444	790
  15.74	0	-0.000	8887	2422472832	2087191206	2690908578	65428304182531588096	2959344034	4652310027927907723342638929661657088	444	46	444	790
  15.79	0	-0.000	8887	2422472832	2087191206	2690908578	65428304182531588096	2959344034	4652310027927907723342638929661657088	444	46	444	790
  15.84	0	-0.000	8887	2422472832	2087191206	2690908578	65428304182531588096	2959344034	4652310027927907723342638929661657088	444	46	444	790
  15.90	0	-0.000	8887	2422472832	2087191206	2690908578	65428304182531588096	2959344034	4652310027927907723342638929661657088	444	46	444	790
  15.95	0	-0.000	8887	2422472832	2087191206	2690908578	65428304182531588096	2959344034	4652310027927907723342638929661657088	444	46	444	790
  16.01	0	-0.000	8887	2422472832	2087191206	2690908578	65428304182531588096	2959344034	4652310027927907723342638929661657088	444	46	444	790
  16.06	0	-0.000	8887	2422472832	2087191206	2690908578	65428304182531588096	2959344034	4652310027927907723342638929661657088	444	46	444	790
  16.11	0	-0.000	8887	2422472832	2087191206	2690908578	65428304182531588096	2959344034	4652310027927907723342638929661657088	444	46	444	790
  16.16	0	-0.000	8887	2422472832	2087191206	2690908578	65428304182531588096	2959344034	4652310027927907723342638929661657088	444	46	444	790
  16.22	0	-0.000	8887	2422472832	2087191206	2690908578	65428304182531588096	2959344034	4652310027927907723342638929661657088	444	46	444	790
  16.27	0	-0.000	8887	2422472832	2087191206	2690908578	65428304182531588096	2959344034	4652310027927907723342638929661657088	444	46	444	790
  16.33	0	-0.000	8887	2422472832	2087191206	2690908578	65428304182531588096	2959344034	4652310027927907723342638929661657088	444	46	444	790
  16.38	0	-0.000	8887	2422472832	2087191206	2690908578	65428304182531588096	2959344034	4652310027927907723342638929661657088	444	46	444	790
  16.44	0	-0.000	8887	2422472832	2087191206	2690908578	65428304182531588096	2959344034	4652310027927907723342638929661657088	444	46	444	790
  16.49	0	-0.000	8887	2422472832	2087191206	2690908578	65428304182531588096	2959344034	4652310027927907723342638929661657088	444	46	444	790
  16.55	0	-0.000	8887	2422472832	2087191206	2690908578	65428304182531588096	2959344034	4652310027927907723342638929661657088	444	46	444	790
  16.60	0	-0.000	8887	2422472832	2087191206	2690908578	65428304182531588096	2959344034	4652310027927907723342638929661657088	444	46	444	790
  16.65	0	-0.000	8887	2422472832	2087191206	2690908578	65428304182531588096	2959344034	4652310027927907723342638929661657088	444	46	444	790
  16.71	0	-0.000	8887	2422472832	2087191206	2690908578	65428304182531588096	2959344034	4652310027927907723342638929661657088	444	46	444	790
  16.76	0	-0.000	8887	2422472832	2087191206	2690908578	65428304182531588096	2959344034	4652310027927907723342638929661657088	444	46	444	790
  16.81	0	-0.000	8887	2422472832	2087191206	2690908578	65428304182531588096	2959344034	4652310027927907723342638929661657088	444	46	444	790
  16.86	0	-0.000	8887	2422472832	2087191206	2690908578	65428304182531588096	2959344034	4652310027927907723342638929661657088	444	46	444	790
  16.91	0	-0.000	8887	2422472832	2087191206	2690908578	65428304182531588096	2959344034	4652310027927907723342638929661657088	444	46	444	790
  16.97	0	-0.000	8887	2422472832	2087191206	2690908578	65428304182531588096	2959344034	4652310027927907723342638929661657088	444	46	444	790
  17.02	0	-0.000	8887	2422472832	2087191206	2690908578	65428304182531588096	2959344034	4652310027927907723342638929661657088	444	46	444	790
  17.07	0	-0.000	8887	2422472832	2087191206	2690908578	65428304182531588096	2959344034	4652310027927907723342638929661657088	444	46	444	790
  17.12	0	-0.000	8887	2422472832	2087191206	2690908578	65428304182531588096	2959344034	4652310027927907723342638929661657088	444	46	444	790
  17.18	0	-0.000	8887	2422472832	2087191206	2690908578	65428304182531588096	2959344034	4652310027927907723342638929661657088	444	46	444	790
  17.23	0	-0.000	8887	2422472832	2087191206	2690908578	65428304182531588096	2959344034	4652310027927907723342638929661657088	444	46	444	790
  17.28	0	-0.000	8887	2422472832	2087191206	2690908578	65428304182531588096	2959344034	4652310027927907723342638929661657088	444	46	444	790
  17.33	0	-0.000	8887	2422472832	2087191206	2690908578	65428304182531588096	2959344034	4652310027927907723342638929661657088	444	46	444	790
  17.39	0	-0.000	8887	2422472832	2087191206	2690908578	65428304182531588096	2959344034	4652310027927907723342638929661657088	444	46	444	790
  17.44	0	-0.000	8887	2422472832	2087191206	2690908578	65428304182531588096	2959344034	4652310027927907723342638929661657088	444	46	444	790
  17.50	0	-0.000	8887	2422472832	2087191206	2690908578	65428304182531588096	2959344034	4652310027927907723342638929661657088	444	46	444	790
  17.55	0	-0.000	8887	2422472832	2087191206	2690908578	65428304182531588096	2959344034	4652310027927907723342638929661657088	444	46	444	790
  17.61	0	-0.000	8887	2422472832	2087191206	2690908578	65428304182531588096	2959344034	4652310027927907723342638929661657088	444	46	444	790
  17.66	0	-0.000	8887	2422472832	2087191206	2690908578	65428304182531588096	2959344034	4652310027927907723342638929661657088	444	46	444	790
  17.71	0	-0.000	8887	2422472832	2087191206	2690908578	65428304182531588096	2959344034	4652310027927907723342638929661657088	444	46	444	790
  17.77	0	-0.000	8887	2422472832	2087191206	2690908578	65428304182531588096	2959344034	4652310027927907723342638929661657088	444	46	444	790
  17.82	0	-0.000	8887	2422472832	2087191206	2690908578	65428304182531588096	2959344034	4652310027927907723342638929661657088	444	46	444	790
  17.87	0	-0.000	8887	2422472832	2087191206	2690908578	65428304182531588096	2959344034	4652310027927907723342638929661657088	444	46	444	790
  17.92	0	-0.000	8887	2422472832	2087191206	2690908578	65428304182531588096	2959344034	4652310027927907723342638929661657088	444	46	444	790
  17.98	0	-0.000	8887	2422472832	2087191206	2690908578	65428304182531588096	2959344034	4652310027927907723342638929661657088	444	46	444	790
  18.03	0	-0.000	8887	2422472832	2087191206	2690908578	65428304182531588096	2959344034	4652310027927907723342638929661657088	444	46	444	790
  18.08	0	-0.000	8887	2422472832	2087191206	2690908578	65428304182531588096	2959344034	4652310027927907723342638929661657088	444	46	444	790
  18.13	0	-0.000	8887	2422472832	2087191206	2690908578	65428304182531588096	2959344034	4652310027927907723342638929661657088	444	46	444	790
  18.19	0	-0.000	8887	2422472832	2087191206	2690908578	65428304182531588096	2959344034	4652310027927907723342638929661657088	444	46	444	790
  18.24	0	-0.000	8887	2422472832	2087191206	2690908578	65428304182531588096	2959344034	4652310027927907723342638929661657088	444	46	444	790
  18.30	0	-0.000	8887	2422472832	2087191206	2690908578	65428304182531588096	2959344034	4652310027927907723342638929661657088	444	46	444	790
  18.35	0	-0.000	8887	2422472832	2087191206	2690908578	65428304182531588096	2959344034	4652310027927907723342638929661657088	444	46	444	790
  18.40	0	-0.000	8887	2422472832	2087191206	2690908578	65428304182531588096	2959344034	4652310027927907723342638929661657088	444	46	444	790
  18.46	0	-0.000	8887	2422472832	2087191206	2690908578	65428304182531588096	2959344034	4652310027927907723342638929661657088	444	46	444	790
  18.51	0	-0.000	8887	2422472832	2087191206	2690908578	65428304182531588096	2959344034	4652310027927907723342638929661657088	444	46	444	790
  18.57	0	-0.000	8887	2422472832	2087191206	2690908578	65428304182531588096	2959344034	4652310027927907723342638929661657088	444	46	444	790
  18.62	0	-0.000	8887	2422472832	2087191206	2690908578	65428304182531588096	2959344034	4652310027927907723342638929661657088	444	46	444	790
  18.67	0	-0.000	8887	2422472832	2087191206	2690908578	65428304182531588096	2959344034	4652310027927907723342638929661657088	444	46	444	790
  18.73	0	-0.000	8887	2422472832	2087191206	2690908578	65428304182531588096	2959344034	4652310027927907723342638929661657088	444	46	444	790
  18.78	0	-0.000	8887	2422472832	2087191206	2690908578	65428304182531588096	2959344034	4652310027927907723342638929661657088	444	46	444	790
  18.84	0	-0.000	8887	2422472832	2087191206	2690908578	65428304182531588096	2959344034	4652310027927907723342638929661657088	444	46	444	790
  18.89	0	-0.000	8887	2422472832	2087191206	2690908578	65428304182531588096	2959344034	4652310027927907723342638929661657088	444	46	444	790
  18.94	0	-0.000	8887	2422472832	2087191206	2690908578	65428304182531588096	2959344034	4652310027927907723342638929661657088	444	46	444	790
  18.99	0	-0.000	8887	2422472832	2087191206	2690908578	65428304182531588096	2959344034	4652310027927907723342638929661657088	444	46	444	790
  19.05	0	-0.000	8887	2422472832	2087191206	2690908578	65428304182531588096	2959344034	4652310027927907723342638929661657088	444	46	444	790
  19.10	0	-0.000	8887	2422472832	2087191206	2690908578	65428304182531588096	2959344034	4652310027927907723342638929661657088	444	46	444	790
  19.15	0	-0.000	8887	2422472832	2087191206	2690908578	65428304182531588096	2959344034	4652310027927907723342638929661657088	444	46	444	790
  19.21	0	-0.000	8887	2422472832	2087191206	2690908578	65428304182531588096	2959344034	4652310027927907723342638929661657088	444	46	444	790
  19.26	0	-0.000	8887	2422472832	2087191206	2690908578	65428304182531588096	2959344034	4652310027927907723342638929661657088	444	46	444	790
  19.31	0	-0.000	8887	2422472832	2087191206	2690908578	65428304182531588096	2959344034	4652310027927907723342638929661657088	444	46	444	790
  19.37	0	-0.000	8887	2422472832	2087191206	2690908578	65428304182531588096	2959344034	4652310027927907723342638929661657088	444	46	444	790
  19.42	0	-0.000	8887	2422472832	2087191206	2690908578	65428304182531588096	2959344034	4652310027927907723342638929661657088	444	46	444	790
  19.47	0	-0.000	8887	2422472832	2087191206	2690908578	65428304182531588096	2959344034	4652310027927907723342638929661657088	444	46	444	790
  19.52	0	-0.000	8887	2422472832	2087191206	2690908578	65428304182531588096	2959344034	4652310027927907723342638929661657088	444	46	444	790
  19.58	0	-0.000	8887	2422472832	2087191206	2690908578	65428304182531588096	2959344034	4652310027927907723342638929661657088	444	46	444	790
  19.63	0	-0.000	8887	2422472832	2087191206	2690908578	65428304182531588096	2959344034	4652310027927907723342638929661657088	444	46	444	790
  19.68	0	-0.000	8887	2422472832	2087191206	2690908578	65428304182531588096	2959344034	4652310027927907723342638929661657088	444	46	444	790
  19.73	0	-0.000	8887	2422472832	2087191206	2690908578	65428304182531588096	2959344034	4652310027927907723342638929661657088	444	46	444	790
  19.78	0	-0.000	8887	2422472832	2087191206	2690908578	65428304182531588096	2959344034	4652310027927907723342638929661657088	444	46	444	790
  19.84	0	-0.000	8887	2422472832	2087191206	2690908578	65428304182531588096	2959344034	4652310027927907723342638929661657088	444	46	444	790
  19.89	0	-0.000	8887	2422472832	2087191206	2690908578	65428304182531588096	2959344034	4652310027927907723342638929661657088	444	46	444	790
  19.94	0	-0.000	8887	2422472832	2087191206	2690908578	65428304182531588096	2959344034	4652310027927907723342638929661657088	444	46	444	790
  20.00	0	-0.000	8887	2422472832	2087191206	2690908578	65428304182531588096	2959344034	4652310027927907723342638929661657088	444	46	444	790
  20.05	0	-0.000	8887	2422472832	2087191206	2690908578	65428304182531588096	2959344034	4652310027927907723342638929661657088	444	46	444	790
  20.10	0	-0.000	8887	2422472832	2087191206	2690908578	65428304182531588096	2959344034	4652310027927907723342638929661657088	444	46	444	790
  20.15	0	-0.000	8887	2422472832	2087191206	2690908578	65428304182531588096	2959344034	4652310027927907723342638929661657088	444	46	444	790
  20.21	0	-0.000	8887	2422472832	2087191206	2690908578	65428304182531588096	2959344034	4652310027927907723342638929661657088	444	46	444	790
  20.26	0	-0.000	8887	2422472832	2087191206	2690908578	65428304182531588096	2959344034	4652310027927907723342638929661657088	444	46	444	790
  20.32	0	-0.000	8887	2422472832	2087191206	2690908578	65428304182531588096	2959344034	4652310027927907723342638929661657088	444	46	444	790
  20.37	0	-0.000	8887	2422472832	2087191206	2690908578	65428304182531588096	2959344034	4652310027927907723342638929661657088	444	46	444	790
  20.42	0	-0.000	8887	2422472832	2087191206	2690908578	65428304182531588096	2959344034	4652310027927907723342638929661657088	444	46	444	790
  20.48	0	-0.000	8887	2422472832	2087191206	2690908578	65428304182531588096	2959344034	4652310027927907723342638929661657088	444	46	444	790
  20.53	0	-0.000	8887	2422472832	2087191206	2690908578	65428304182531588096	2959344034	4652310027927907723342638929661657088	444	46	444	790
  20.58	0	-0.000	8887	2422472832	2087191206	2690908578	65428304182531588096	2959344034	4652310027927907723342638929661657088	444	46	444	790
  20.63	0	-0.000	8887	2422472832	2087191206	2690908578	65428304182531588096	2959344034	4652310027927907723342638929661657088	444	46	444	790
  20.68	0	-0.000	8887	2422472832	2087191206	2690908578	65428304182531588096	2959344034	4652310027927907723342638929661657088	444	46	444	790
  20.74	0	-0.000	8887	2422472832	2087191206	2690908578	65428304182531588096	2959344034	4652310027927907723342638929661657088	444	46	444	790
  20.79	0	-0.000	8887	2422472832	2087191206	2690908578	65428304182531588096	2959344034	4652310027927907723342638929661657088	444	46	444	790
  20.85	0	-0.000	8887	2422472832	2087191206	2690908578	65428304182531588096	2959344034	4652310027927907723342638929661657088	444	46	444	790
  20.90	0	-0.000	8887	2422472832	2087191206	2690908578	65428304182531588096	2959344034	4652310027927907723342638929661657088	444	46	444	790
  20.95	0	-0.000	8887	2422472832	2087191206	2690908578	65428304182531588096	2959344034	4652310027927907723342638929661657088	444	46	444	790
  21.01	0	-0.000	8887	2422472832	2087191206	2690908578	65428304182531588096	2959344034	4652310027927907723342638929661657088	444	46	444	790
  21.06	0	-0.000	8887	2422472832	2087191206	2690908578	65428304182531588096	2959344034	4652310027927907723342638929661657088	444	46	444	790
  21.11	0	-0.000	8887	2422472832	2087191206	2690908578	65428304182531588096	2959344034	4652310027927907723342638929661657088	444	46	444	790
  21.17	0	-0.000	8887	2422472832	2087191206	2690908578	65428304182531588096	2959344034	4652310027927907723342638929661657088	444	46	444	790
  21.22	0	-0.000	8887	2422472832	2087191206	2690908578	65428304182531588096	2959344034	4652310027927907723342638929661657088	444	46	444	790
  21.27	0	-0.000	8887	2422472832	2087191206	2690908578	65428304182531588096	2959344034	4652310027927907723342638929661657088	444	46	444	790
  21.32	0	-0.000	8887	2422472832	2087191206	2690908578	65428304182531588096	2959344034	4652310027927907723342638929661657088	444	46	444	790
  21.38	0	-0.000	8887	2422472832	2087191206	2690908578	65428304182531588096	2959344034	4652310027927907723342638929661657088	444	46	444	790
  21.43	0	-0.000	8887	2422472832	2087191206	2690908578	65428304182531588096	2959344034	4652310027927907723342638929661657088	444	46	444	790
  21.48	0	-0.000	8887	2422472832	2087191206	2690908578	65428304182531588096	2959344034	4652310027927907723342638929661657088	444	46	444	790
  21.54	0	-0.000	8887	2422472832	2087191206	2690908578	65428304182531588096	2959344034	4652310027927907723342638929661657088	444	46	444	790
  21.59	0	-0.000	8887	2422472832	2087191206	2690908578	65428304182531588096	2959344034	4652310027927907723342638929661657088	444	46	444	790
  21.64	0	-0.000	8887	2422472832	2087191206	2690908578	65428304182531588096	2959344034	4652310027927907723342638929661657088	444	46	444	790
  21.69	0	-0.000	8887	2422472832	2087191206	2690908578	65428304182531588096	2959344034	4652310027927907723342638929661657088	444	46	444	790
  21.75	0	-0.000	8887	2422472832	2087191206	2690908578	65428304182531588096	2959344034	4652310027927907723342638929661657088	444	46	444	790
  21.80	0	-0.000	8887	2422472832	2087191206	2690908578	65428304182531588096	2959344034	4652310027927907723342638929661657088	444	46	444	790
  21.86	0	-0.000	8887	2422472832	2087191206	2690908578	65428304182531588096	2959344034	4652310027927907723342638929661657088	444	46	444	790
  21.91	0	-0.000	8887	2422472832	2087191206	2690908578	65428304182531588096	2959344034	4652310027927907723342638929661657088	444	46	444	790
  21.97	0	-0.000	8887	2422472832	2087191206	2690908578	65428304182531588096	2959344034	4652310027927907723342638929661657088	444	46	444	790
  22.02	0	-0.000	8887	2422472832	2087191206	2690908578	65428304182531588096	2959344034	4652310027927907723342638929661657088	444	46	444	790
  22.07	0	-0.000	8887	2422472832	2087191206	2690908578	65428304182531588096	2959344034	4652310027927907723342638929661657088	444	46	444	790
  22.13	0	-0.000	8887	2422472832	2087191206	2690908578	65428304182531588096	2959344034	4652310027927907723342638929661657088	444	46	444	790
  22.18	0	-0.000	8887	2422472832	2087191206	2690908578	65428304182531588096	2959344034	4652310027927907723342638929661657088	444	46	444	790
  22.24	0	-0.000	8887	2422472832	2087191206	2690908578	65428304182531588096	2959344034	4652310027927907723342638929661657088	444	46	444	790
  22.29	0	-0.000	8887	2422472832	2087191206	2690908578	65428304182531588096	2959344034	4652310027927907723342638929661657088	444	46	444	790
  22.35	0	-0.000	8887	2422472832	2087191206	2690908578	65428304182531588096	2959344034	4652310027927907723342638929661657088	444	46	444	790
  22.40	0	-0.000	8887	2422472832	2087191206	2690908578	65428304182531588096	2959344034	4652310027927907723342638929661657088	444	46	444	790
  22.46	0	-0.000	8887	2422472832	2087191206	2690908578	65428304182531588096	2959344034	4652310027927907723342638929661657088	444	46	444	790
  22.52	0	-0.000	8887	2422472832	2087191206	2690908578	65428304182531588096	2959344034	4652310027927907723342638929661657088	444	46	444	790
  22.57	0	-0.000	8887	2422472832	2087191206	2690908578	65428304182531588096	2959344034	4652310027927907723342638929661657088	444	46	444	790
  22.63	0	-0.000	8887	2422472832	2087191206	2690908578	65428304182531588096	2959344034	4652310027927907723342638929661657088	444	46	444	790
  22.68	0	-0.000	8887	2422472832	2087191206	2690908578	65428304182531588096	2959344034	4652310027927907723342638929661657088	444	46	444	790
  22.73	0	-0.000	8887	2422472832	2087191206	2690908578	65428304182531588096	2959344034	4652310027927907723342638929661657088	444	46	444	790
  22.79	0	-0.000	8887	2422472832	2087191206	2690908578	65428304182531588096	2959344034	4652310027927907723342638929661657088	444	46	444	790
  22.84	0	-0.000	8887	2422472832	2087191206	2690908578	65428304182531588096	2959344034	4652310027927907723342638929661657088	444	46	444	790
  22.89	0	-0.000	8887	2422472832	2087191206	2690908578	65428304182531588096	2959344034	4652310027927907723342638929661657088	444	46	444	790
  22.95	0	-0.000	8887	2422472832	2087191206	2690908578	65428304182531588096	2959344034	4652310027927907723342638929661657088	444	46	444	790
  23.00	0	-0.000	8887	2422472832	2087191206	2690908578	65428304182531588096	2959344034	4652310027927907723342638929661657088	444	46	444	790
  23.05	0	-0.000	8887	2422472832	2087191206	2690908578	65428304182531588096	2959344034	4652310027927907723342638929661657088	444	46	444	790
  23.10	0	-0.000	8887	2422472832	2087191206	2690908578	65428304182531588096	2959344034	4652310027927907723342638929661657088	444	46	444	790
  23.16	0	-0.000	8887	2422472832	2087191206	2690908578	65428304182531588096	2959344034	4652310027927907723342638929661657088	444	46	444	790
  23.21	0	-0.000	8887	2422472832	2087191206	2690908578	65428304182531588096	2959344034	4652310027927907723342638929661657088	444	46	444	790
  23.26	0	-0.000	8887	2422472832	2087191206	2690908578	65428304182531588096	2959344034	4652310027927907723342638929661657088	444	46	444	790
  23.32	0	-0.000	8887	2422472832	2087191206	2690908578	65428304182531588096	2959344034	4652310027927907723342638929661657088	444	46	444	790
  23.37	0	-0.000	8887	2422472832	2087191206	2690908578	65428304182531588096	2959344034	4652310027927907723342638929661657088	444	46	444	790
  23.43	0	-0.000	8887	2422472832	2087191206	2690908578	65428304182531588096	2959344034	4652310027927907723342638929661657088	444	46	444	790
  23.48	0	-0.000	8887	2422472832	2087191206	2690908578	65428304182531588096	2959344034	4652310027927907723342638929661657088	444	46	444	790
  23.53	0	-0.000	8887	2422472832	2087191206	2690908578	65428304182531588096	2959344034	4652310027927907723342638929661657088	444	46	444	790
  23.59	0	-0.000	8887	2422472832	2087191206	2690908578	65428304182531588096	2959344034	4652310027927907723342638929661657088	444	46	444	790
  23.64	0	-0.000	8887	2422472832	2087191206	2690908578	65428304182531588096	2959344034	4652310027927907723342638929661657088	444	46	444	790
  23.69	0	-0.000	8887	2422472832	2087191206	2690908578	65428304182531588096	2959344034	4652310027927907723342638929661657088	444	46	444	790
  23.74	0	-0.000	8887	2422472832	2087191206	2690908578	65428304182531588096	2959344034	4652310027927907723342638929661657088	444	46	444	790
  23.80	0	-0.000	8887	2422472832	2087191206	2690908578	65428304182531588096	2959344034	4652310027927907723342638929661657088	444	46	444	790
  23.85	0	-0.000	8887	2422472832	2087191206	2690908578	65428304182531588096	2959344034	4652310027927907723342638929661657088	444	46	444	790
  23.90	0	-0.000	8887	2422472832	2087191206	2690908578	65428304182531588096	2959344034	4652310027927907723342638929661657088	444	46	444	790
  23.96	0	-0.000	8887	2422472832	2087191206	2690908578	65428304182531588096	2959344034	4652310027927907723342638929661657088	444	46	444	790
  24.01	0	-0.000	8887	2422472832	2087191206	2690908578	65428304182531588096	2959344034	4652310027927907723342638929661657088	444	46	444	790
  24.07	0	-0.000	8887	2422472832	2087191206	2690908578	65428304182531588096	2959344034	4652310027927907723342638929661657088	444	46	444	790
  24.12	0	-0.000	8887	2422472832	2087191206	2690908578	65428304182531588096	2959344034	4652310027927907723342638929661657088	444	46	444	790
  24.18	0	-0.000	8887	2422472832	2087191206	2690908578	65428304182531588096	2959344034	4652310027927907723342638929661657088	444	46	444	790
  24.23	0	-0.000	8887	2422472832	2087191206	2690908578	65428304182531588096	2959344034	4652310027927907723342638929661657088	444	46	444	790
  24.28	0	-0.000	8887	2422472832	2087191206	2690908578	65428304182531588096	2959344034	4652310027927907723342638929661657088	444	46	444	790
  24.33	0	-0.000	8887	2422472832	2087191206	2690908578	65428304182531588096	2959344034	4652310027927907723342638929661657088	444	46	444	790
  24.39	0	-0.000	8887	2422472832	2087191206	2690908578	65428304182531588096	2959344034	4652310027927907723342638929661657088	444	46	444	790
  24.44	0	-0.000	8887	2422472832	2087191206	2690908578	65428304182531588096	2959344034	4652310027927907723342638929661657088	444	46	444	790
  24.50	0	-0.000	8887	2422472832	2087191206	2690908578	65428304182531588096	2959344034	4652310027927907723342638929661657088	444	46	444	790
  24.55	0	-0.000	8887	2422472832	2087191206	2690908578	65428304182531588096	2959344034	4652310027927907723342638929661657088	444	46	444	790
  24.61	0	-0.000	8887	2422472832	2087191206	2690908578	65428304182531588096	2959344034	4652310027927907723342638929661657088	444	46	444	790
  24.66	0	-0.000	8887	2422472832	2087191206	2690908578	65428304182531588096	2959344034	4652310027927907723342638929661657088	444	46	444	790
  24.71	0	-0.000	8887	2422472832	2087191206	2690908578	65428304182531588096	2959344034	4652310027927907723342638929661657088	444	46	444	790
  24.76	0	-0.000	8887	2422472832	2087191206	2690908578	65428304182531588096	2959344034	4652310027927907723342638929661657088	444	46	444	790
  24.81	0	-0.000	8887	2422472832	2087191206	2690908578	65428304182531588096	2959344034	4652310027927907723342638929661657088	444	46	444	790
  24.86	0	-0.000	8887	2422472832	2087191206	2690908578	65428304182531588096	2959344034	4652310027927907723342638929661657088	444	46	444	790
  24.92	0	-0.000	8887	2422472832	2087191206	2690908578	65428304182531588096	2959344034	4652310027927907723342638929661657088	444	46	444	790
  24.97	0	-0.000	8887	2422472832	2087191206	2690908578	65428304182531588096	2959344034	4652310027927907723342638929661657088	444	46	444	790
  25.03	0	-0.000	8887	2422472832	2087191206	2690908578	65428304182531588096	2959344034	4652310027927907723342638929661657088	444	46	444	790
  25.08	0	-0.000	8887	2422472832	2087191206	2690908578	65428304182531588096	2959344034	4652310027927907723342638929661657088	444	46	444	790
  25.13	0	-0.000	8887	2422472832	2087191206	2690908578	65428304182531588096	2959344034	4652310027927907723342638929661657088	444	46	444	790
  25.19	0	-0.000	8887	2422472832	2087191206	2690908578	65428304182531588096	2959344034	4652310027927907723342638929661657088	444	46	444	790
  25.24	0	-0.000	8887	2422472832	2087191206	2690908578	65428304182531588096	2959344034	4652310027927907723342638929661657088	444	46	444	790
  25.30	0	-0.000	8887	2422472832	2087191206	2690908578	65428304182531588096	2959344034	4652310027927907723342638929661657088	444	46	444	790
  25.35	0	-0.000	8887	2422472832	2087191206	2690908578	65428304182531588096	2959344034	4652310027927907723342638929661657088	444	46	444	790
  25.40	0	-0.000	8887	2422472832	2087191206	2690908578	65428304182531588096	2959344034	4652310027927907723342638929661657088	444	46	444	790
  25.46	0	-0.000	8887	2422472832	2087191206	2690908578	65428304182531588096	2959344034	4652310027927907723342638929661657088	444	46	444	790
  25.51	0	-0.000	8887	2422472832	2087191206	2690908578	65428304182531588096	2959344034	4652310027927907723342638929661657088	444	46	444	790
  25.56	0	-0.000	8887	2422472832	2087191206	2690908578	65428304182531588096	2959344034	4652310027927907723342638929661657088	444	46	444	790
  25.61	0	-0.000	8887	2422472832	2087191206	2690908578	65428304182531588096	2959344034	4652310027927907723342638929661657088	444	46	444	790
  25.67	0	-0.000	8887	2422472832	2087191206	2690908578	65428304182531588096	2959344034	4652310027927907723342638929661657088	444	46	444	790
  25.72	0	-0.000	8887	2422472832	2087191206	2690908578	65428304182531588096	2959344034	4652310027927907723342638929661657088	444	46	444	790
  25.77	0	-0.000	8887	2422472832	2087191206	2690908578	65428304182531588096	2959344034	4652310027927907723342638929661657088	444	46	444	790
  25.82	0	-0.000	8887	2422472832	2087191206	2690908578	65428304182531588096	2959344034	4652310027927907723342638929661657088	444	46	444	790
  25.88	0	-0.000	8887	2422472832	2087191206	2690908578	65428304182531588096	2959344034	4652310027927907723342638929661657088	444	46	444	790
  25.93	0	-0.000	8887	2422472832	2087191206	2690908578	65428304182531588096	2959344034	4652310027927907723342638929661657088	444	46	444	790
  25.99	0	-0.000	8887	2422472832	2087191206	2690908578	65428304182531588096	2959344034	4652310027927907723342638929661657088	444	46	444	790
  26.04	0	-0.000	8887	2422472832	2087191206	2690908578	65428304182531588096	2959344034	4652310027927907723342638929661657088	444	46	444	790
  26.09	0	-0.000	8887	2422472832	2087191206	2690908578	65428304182531588096	2959344034	4652310027927907723342638929661657088	444	46	444	790
  26.14	0	-0.000	8887	2422472832	2087191206	2690908578	65428304182531588096	2959344034	4652310027927907723342638929661657088	444	46	444	790
  26.20	0	-0.000	8887	2422472832	2087191206	2690908578	65428304182531588096	2959344034	4652310027927907723342638929661657088	444	46	444	790
  26.25	0	-0.000	8887	2422472832	2087191206	2690908578	65428304182531588096	2959344034	4652310027927907723342638929661657088	444	46	444	790
  26.30	0	-0.000	8887	2422472832	2087191206	2690908578	65428304182531588096	2959344034	4652310027927907723342638929661657088	444	46	444	790
  26.36	0	-0.000	8887	2422472832	2087191206	2690908578	65428304182531588096	2959344034	4652310027927907723342638929661657088	444	46	444	790
  26.41	0	-0.000	8887	2422472832	2087191206	2690908578	65428304182531588096	2959344034	4652310027927907723342638929661657088	444	46	444	790
  26.46	0	-0.000	8887	2422472832	2087191206	2690908578	65428304182531588096	2959344034	4652310027927907723342638929661657088	444	46	444	790
  26.51	0	-0.000	8887	2422472832	2087191206	2690908578	65428304182531588096	2959344034	4652310027927907723342638929661657088	444	46	444	790
  26.56	0	-0.000	8887	2422472832	2087191206	2690908578	65428304182531588096	2959344034	4652310027927907723342638929661657088	444	46	444	790
  26.62	0	-0.000	8887	2422472832	2087191206	2690908578	65428304182531588096	2959344034	4652310027927907723342638929661657088	444	46	444	790
  26.67	0	-0.000	8887	2422472832	2087191206	2690908578	65428304182531588096	2959344034	4652310027927907723342638929661657088	444	46	444	790
  26.73	0	-0.000	8887	2422472832	2087191206	2690908578	65428304182531588096	2959344034	4652310027927907723342638929661657088	444	46	444	790
  26.78	0	-0.000	8887	2422472832	2087191206	2690908578	65428304182531588096	2959344034	4652310027927907723342638929661657088	444	46	444	790
  26.83	0	-0.000	8887	2422472832	2087191206	2690908578	65428304182531588096	2959344034	4652310027927907723342638929661657088	444	46	444	790
  26.89	0	-0.000	8887	2422472832	2087191206	2690908578	65428304182531588096	2959344034	4652310027927907723342638929661657088	444	46	444	790
  26.94	0	-0.000	8887	2422472832	2087191206	2690908578	65428304182531588096	2959344034	4652310027927907723342638929661657088	444	46	444	790
  26.99	0	-0.000	8887	2422472832	2087191206	2690908578	65428304182531588096	2959344034	4652310027927907723342638929661657088	444	46	444	790
  27.04	0	-0.000	8887	2422472832	2087191206	2690908578	65428304182531588096	2959344034	4652310027927907723342638929661657088	444	46	444	790
  27.10	0	-0.000	8887	2422472832	2087191206	2690908578	65428304182531588096	2959344034	4652310027927907723342638929661657088	444	46	444	790
  27.15	0	-0.000	8887	2422472832	2087191206	2690908578	65428304182531588096	2959344034	4652310027927907723342638929661657088	444	46	444	790
  27.20	0	-0.000	8887	2422472832	2087191206	2690908578	65428304182531588096	2959344034	4652310027927907723342638929661657088	444	46	444	790
  27.26	0	-0.000	8887	2422472832	2087191206	2690908578	65428304182531588096	2959344034	4652310027927907723342638929661657088	444	46	444	790
  27.31	0	-0.000	8887	2422472832	2087191206	2690908578	65428304182531588096	2959344034	4652310027927907723342638929661657088	444	46	444	790
  27.37	0	-0.000	8887	2422472832	2087191206	2690908578	65428304182531588096	2959344034	4652310027927907723342638929661657088	444	46	444	790
  27.42	0	-0.000	8887	2422472832	2087191206	2690908578	65428304182531588096	2959344034	4652310027927907723342638929661657088	444	46	444	790
  27.47	0	-0.000	8887	2422472832	2087191206	2690908578	65428304182531588096	2959344034	4652310027927907723342638929661657088	444	46	444	790
  27.52	0	-0.000	8887	2422472832	2087191206	2690908578	65428304182531588096	2959344034	4652310027927907723342638929661657088	444	46	444	790
  27.58	0	-0.000	8887	2422472832	2087191206	2690908578	65428304182531588096	2959344034	4652310027927907723342638929661657088	444	46	444	790
  27.63	0	-0.000	8887	2422472832	2087191206	2690908578	65428304182531588096	2959344034	4652310027927907723342638929661657088	444	46	444	790
  27.68	0	-0.000	8887	2422472832	2087191206	2690908578	65428304182531588096	2959344034	4652310027927907723342638929661657088	444	46	444	790
  27.74	0	-0.000	8887	2422472832	2087191206	2690908578	65428304182531588096	2959344034	4652310027927907723342638929661657088	444	46	444	790
  27.79	0	-0.000	8887	2422472832	2087191206	2690908578	65428304182531588096	2959344034	4652310027927907723342638929661657088	444	46	444	790
  27.85	0	-0.000	8887	2422472832	2087191206	2690908578	65428304182531588096	2959344034	4652310027927907723342638929661657088	444	46	444	790
  27.90	0	-0.000	8887	2422472832	2087191206	2690908578	65428304182531588096	2959344034	4652310027927907723342638929661657088	444	46	444	790
  27.95	0	-0.000	8887	2422472832	2087191206	2690908578	65428304182531588096	2959344034	4652310027927907723342638929661657088	444	46	444	790
  28.00	0	-0.000	8887	2422472832	2087191206	2690908578	65428304182531588096	2959344034	4652310027927907723342638929661657088	444	46	444	790
  28.06	0	-0.000	8887	2422472832	2087191206	2690908578	65428304182531588096	2959344034	4652310027927907723342638929661657088	444	46	444	790
  28.11	0	-0.000	8887	2422472832	2087191206	2690908578	65428304182531588096	2959344034	4652310027927907723342638929661657088	444	46	444	790
  28.16	0	-0.000	8887	2422472832	2087191206	2690908578	65428304182531588096	2959344034	4652310027927907723342638929661657088	444	46	444	790
  28.22	0	-0.000	8887	2422472832	2087191206	2690908578	65428304182531588096	2959344034	4652310027927907723342638929661657088	444	46	444	790
  28.27	0	-0.000	8887	2422472832	2087191206	2690908578	65428304182531588096	2959344034	4652310027927907723342638929661657088	444	46	444	790
  28.33	0	-0.000	8887	2422472832	2087191206	2690908578	65428304182531588096	2959344034	4652310027927907723342638929661657088	444	46	444	790
  28.38	0	-0.000	8887	2422472832	2087191206	2690908578	65428304182531588096	2959344034	4652310027927907723342638929661657088	444	46	444	790
  28.43	0	-0.000	8887	2422472832	2087191206	2690908578	65428304182531588096	2959344034	4652310027927907723342638929661657088	444	46	444	790
  28.49	0	-0.000	8887	2422472832	2087191206	2690908578	65428304182531588096	2959344034	4652310027927907723342638929661657088	444	46	444	790
  28.54	0	-0.000	8887	2422472832	2087191206	2690908578	65428304182531588096	2959344034	4652310027927907723342638929661657088	444	46	444	790
  28.59	0	-0.000	8887	2422472832	2087191206	2690908578	65428304182531588096	2959344034	4652310027927907723342638929661657088	444	46	444	790
  28.65	0	-0.000	8887	2422472832	2087191206	2690908578	65428304182531588096	2959344034	4652310027927907723342638929661657088	444	46	444	790
  28.70	0	-0.000	8887	2422472832	2087191206	2690908578	65428304182531588096	2959344034	4652310027927907723342638929661657088	444	46	444	790
  28.76	0	-0.000	8887	2422472832	2087191206	2690908578	65428304182531588096	2959344034	4652310027927907723342638929661657088	444	46	444	790
  28.81	0	-0.000	8887	2422472832	2087191206	2690908578	65428304182531588096	2959344034	4652310027927907723342638929661657088	444	46	444	790
  28.86	0	-0.000	8887	2422472832	2087191206	2690908578	65428304182531588096	2959344034	4652310027927907723342638929661657088	444	46	444	790
  28.92	0	-0.000	8887	2422472832	2087191206	2690908578	65428304182531588096	2959344034	4652310027927907723342638929661657088	444	46	444	790
  28.97	0	-0.000	8887	2422472832	2087191206	2690908578	65428304182531588096	2959344034	4652310027927907723342638929661657088	444	46	444	790
  29.02	0	-0.000	8887	2422472832	2087191206	2690908578	65428304182531588096	2959344034	4652310027927907723342638929661657088	444	46	444	790
  29.08	0	-0.000	8887	2422472832	2087191206	2690908578	65428304182531588096	2959344034	4652310027927907723342638929661657088	444	46	444	790
  29.13	0	-0.000	8887	2422472832	2087191206	2690908578	65428304182531588096	2959344034	4652310027927907723342638929661657088	444	46	444	790
  29.18	0	-0.000	8887	2422472832	2087191206	2690908578	65428304182531588096	2959344034	4652310027927907723342638929661657088	444	46	444	790
  29.23	0	-0.000	8887	2422472832	2087191206	2690908578	65428304182531588096	2959344034	4652310027927907723342638929661657088	444	46	444	790
  29.28	0	-0.000	8887	2422472832	2087191206	2690908578	65428304182531588096	2959344034	4652310027927907723342638929661657088	444	46	444	790
  29.34	0	-0.000	8887	2422472832	2087191206	2690908578	65428304182531588096	2959344034	4652310027927907723342638929661657088	444	46	444	790
  29.39	0	-0.000	8887	2422472832	2087191206	2690908578	65428304182531588096	2959344034	4652310027927907723342638929661657088	444	46	444	790
  29.44	0	-0.000	8887	2422472832	2087191206	2690908578	65428304182531588096	2959344034	4652310027927907723342638929661657088	444	46	444	790
  29.49	0	-0.000	8887	2422472832	2087191206	2690908578	65428304182531588096	2959344034	4652310027927907723342638929661657088	444	46	444	790
  29.54	0	-0.000	8887	2422472832	2087191206	2690908578	65428304182531588096	2959344034	4652310027927907723342638929661657088	444	46	444	790
  29.60	0	-0.000	8887	2422472832	2087191206	2690908578	65428304182531588096	2959344034	4652310027927907723342638929661657088	444	46	444	790
  29.65	0	-0.000	8887	2422472832	2087191206	2690908578	65428304182531588096	2959344034	4652310027927907723342638929661657088	444	46	444	790
  29.71	0	-0.000	8887	2422472832	2087191206	2690908578	65428304182531588096	2959344034	4652310027927907723342638929661657088	444	46	444	790
  29.76	0	-0.000	8887	2422472832	2087191206	2690908578	65428304182531588096	2959344034	4652310027927907723342638929661657088	444	46	444	790
  29.81	0	-0.000	8887	2422472832	2087191206	2690908578	65428304182531588096	2959344034	4652310027927907723342638929661657088	444	46	444	790
  29.87	0	-0.000	8887	2422472832	2087191206	2690908578	65428304182531588096	2959344034	4652310027927907723342638929661657088	444	46	444	790
  29.92	0	-0.000	8887	2422472832	2087191206	2690908578	65428304182531588096	2959344034	4652310027927907723342638929661657088	444	46	444	790
  29.97	0	-0.000	8887	2422472832	2087191206	2690908578	65428304182531588096	2959344034	4652310027927907723342638929661657088	444	46	444	790
  30.03	0	-0.000	8887	2422472832	2087191206	2690908578	65428304182531588096	2959344034	4652310027927907723342638929661657088	444	46	444	790
  30.08	0	-0.000	8887	2422472832	2087191206	2690908578	65428304182531588096	2959344034	4652310027927907723342638929661657088	444	46	444	790
  30.14	0	-0.000	8887	2422472832	2087191206	2690908578	65428304182531588096	2959344034	4652310027927907723342638929661657088	444	46	444	790
  30.19	0	-0.000	8887	2422472832	2087191206	2690908578	65428304182531588096	2959344034	4652310027927907723342638929661657088	444	46	444	790
  30.24	0	-0.000	8887	2422472832	2087191206	2690908578	65428304182531588096	2959344034	4652310027927907723342638929661657088	444	46	444	790
  30.29	0	-0.000	8887	2422472832	2087191206	2690908578	65428304182531588096	2959344034	4652310027927907723342638929661657088	444	46	444	790
  30.34	0	-0.000	8887	2422472832	2087191206	2690908578	65428304182531588096	2959344034	4652310027927907723342638929661657088	444	46	444	790
  30.40	0	-0.000	8887	2422472832	2087191206	2690908578	65428304182531588096	2959344034	4652310027927907723342638929661657088	444	46	444	790
  30.45	0	-0.000	8887	2422472832	2087191206	2690908578	65428304182531588096	2959344034	4652310027927907723342638929661657088	444	46	444	790
  30.51	0	-0.000	8887	2422472832	2087191206	2690908578	65428304182531588096	2959344034	4652310027927907723342638929661657088	444	46	444	790
  30.56	0	-0.000	8887	2422472832	2087191206	2690908578	65428304182531588096	2959344034	4652310027927907723342638929661657088	444	46	444	790
  30.61	0	-0.000	8887	2422472832	2087191206	2690908578	65428304182531588096	2959344034	4652310027927907723342638929661657088	444	46	444	790
  30.66	0	-0.000	8887	2422472832	2087191206	2690908578	65428304182531588096	2959344034	4652310027927907723342638929661657088	444	46	444	790
  30.71	0	-0.000	8887	2422472832	2087191206	2690908578	65428304182531588096	2959344034	4652310027927907723342638929661657088	444	46	444	790
  30.77	0	-0.000	8887	2422472832	2087191206	2690908578	65428304182531588096	2959344034	4652310027927907723342638929661657088	444	46	444	790
  30.82	0	-0.000	8887	2422472832	2087191206	2690908578	65428304182531588096	2959344034	4652310027927907723342638929661657088	444	46	444	790
  30.87	0	-0.000	8887	2422472832	2087191206	2690908578	65428304182531588096	2959344034	4652310027927907723342638929661657088	444	46	444	790
  30.93	0	-0.000	8887	2422472832	2087191206	2690908578	65428304182531588096	2959344034	4652310027927907723342638929661657088	444	46	444	790
  30.98	0	-0.000	8887	2422472832	2087191206	2690908578	65428304182531588096	2959344034	4652310027927907723342638929661657088	444	46	444	790
  31.03	0	-0.000	8887	2422472832	2087191206	2690908578	65428304182531588096	2959344034	4652310027927907723342638929661657088	444	46	444	790
  31.09	0	-0.000	8887	2422472832	2087191206	2690908578	65428304182531588096	2959344034	4652310027927907723342638929661657088	444	46	444	790
  31.14	0	-0.000	8887	2422472832	2087191206	2690908578	65428304182531588096	2959344034	4652310027927907723342638929661657088	444	46	444	790
  31.19	0	-0.000	8887	2422472832	2087191206	2690908578	65428304182531588096	2959344034	4652310027927907723342638929661657088	444	46	444	790
  31.25	0	-0.000	8887	2422472832	2087191206	2690908578	65428304182531588096	2959344034	4652310027927907723342638929661657088	444	46	444	790
  31.30	0	-0.000	8887	2422472832	2087191206	2690908578	65428304182531588096	2959344034	4652310027927907723342638929661657088	444	46	444	790
  31.36	0	-0.000	8887	2422472832	2087191206	2690908578	65428304182531588096	2959344034	4652310027927907723342638929661657088	444	46	444	790
  31.41	0	-0.000	8887	2422472832	2087191206	2690908578	65428304182531588096	2959344034	4652310027927907723342638929661657088	444	46	444	790
  31.46	0	-0.000	8887	2422472832	2087191206	2690908578	65428304182531588096	2959344034	4652310027927907723342638929661657088	444	46	444	790
  31.51	0	-0.000	8887	2422472832	2087191206	2690908578	65428304182531588096	2959344034	4652310027927907723342638929661657088	444	46	444	790
  31.57	0	-0.000	8887	2422472832	2087191206	2690908578	65428304182531588096	2959344034	4652310027927907723342638929661657088	444	46	444	790
  31.62	0	-0.000	8887	2422472832	2087191206	2690908578	65428304182531588096	2959344034	4652310027927907723342638929661657088	444	46	444	790
  31.68	0	-0.000	8887	2422472832	2087191206	2690908578	65428304182531588096	2959344034	4652310027927907723342638929661657088	444	46	444	790
  31.73	0	-0.000	8887	2422472832	2087191206	2690908578	65428304182531588096	2959344034	4652310027927907723342638929661657088	444	46	444	790
  31.79	0	-0.000	8887	2422472832	2087191206	2690908578	65428304182531588096	2959344034	4652310027927907723342638929661657088	444	46	444	790
  31.84	0	-0.000	8887	2422472832	2087191206	2690908578	65428304182531588096	2959344034	4652310027927907723342638929661657088	444	46	444	790
  31.89	0	-0.000	8887	2422472832	2087191206	2690908578	65428304182531588096	2959344034	4652310027927907723342638929661657088	444	46	444	790
  31.95	0	-0.000	8887	2422472832	2087191206	2690908578	65428304182531588096	2959344034	4652310027927907723342638929661657088	444	46	444	790
  32.00	0	-0.000	8887	2422472832	2087191206	2690908578	65428304182531588096	2959344034	4652310027927907723342638929661657088	444	46	444	790
  32.06	0	-0.000	8887	2422472832	2087191206	2690908578	65428304182531588096	2959344034	4652310027927907723342638929661657088	444	46	444	790
  32.11	0	-0.000	8887	2422472832	2087191206	2690908578	65428304182531588096	2959344034	4652310027927907723342638929661657088	444	46	444	790
  32.17	0	-0.000	8887	2422472832	2087191206	2690908578	65428304182531588096	2959344034	4652310027927907723342638929661657088	444	46	444	790
  32.22	0	-0.000	8887	2422472832	2087191206	2690908578	65428304182531588096	2959344034	4652310027927907723342638929661657088	444	46	444	790
  32.27	0	-0.000	8887	2422472832	2087191206	2690908578	65428304182531588096	2959344034	4652310027927907723342638929661657088	444	46	444	790
  32.33	0	-0.000	8887	2422472832	2087191206	2690908578	65428304182531588096	2959344034	4652310027927907723342638929661657088	444	46	444	790
  32.38	0	-0.000	8887	2422472832	2087191206	2690908578	65428304182531588096	2959344034	4652310027927907723342638929661657088	444	46	444	790
  32.43	0	-0.000	8887	2422472832	2087191206	2690908578	65428304182531588096	2959344034	4652310027927907723342638929661657088	444	46	444	790
  32.49	0	-0.000	8887	2422472832	2087191206	2690908578	65428304182531588096	2959344034	4652310027927907723342638929661657088	444	46	444	790
  32.54	0	-0.000	8887	2422472832	2087191206	2690908578	65428304182531588096	2959344034	4652310027927907723342638929661657088	444	46	444	790
  32.59	0	-0.000	8887	2422472832	2087191206	2690908578	65428304182531588096	2959344034	4652310027927907723342638929661657088	444	46	444	790
  32.65	0	-0.000	8887	2422472832	2087191206	2690908578	65428304182531588096	2959344034	4652310027927907723342638929661657088	444	46	444	790
  32.70	0	-0.000	8887	2422472832	2087191206	2690908578	65428304182531588096	2959344034	4652310027927907723342638929661657088	444	46	444	790
  32.76	0	-0.000	8887	2422472832	2087191206	2690908578	65428304182531588096	2959344034	4652310027927907723342638929661657088	444	46	444	790
  32.81	0	-0.000	8887	2422472832	2087191206	2690908578	65428304182531588096	2959344034	4652310027927907723342638929661657088	444	46	444	790
  32.87	0	-0.000	8887	2422472832	2087191206	2690908578	65428304182531588096	2959344034	4652310027927907723342638929661657088	444	46	444	790
  32.92	0	-0.000	8887	2422472832	2087191206	2690908578	65428304182531588096	2959344034	4652310027927907723342638929661657088	444	46	444	790
  32.97	0	-0.000	8887	2422472832	2087191206	2690908578	65428304182531588096	2959344034	4652310027927907723342638929661657088	444	46	444	790
  33.03	0	-0.000	8887	2422472832	2087191206	2690908578	65428304182531588096	2959344034	4652310027927907723342638929661657088	444	46	444	790
  33.08	0	-0.000	8887	2422472832	2087191206	2690908578	65428304182531588096	2959344034	4652310027927907723342638929661657088	444	46	444	790
  33.13	0	-0.000	8887	2422472832	2087191206	2690908578	65428304182531588096	2959344034	4652310027927907723342638929661657088	444	46	444	790
  33.18	0	-0.000	8887	2422472832	2087191206	2690908578	65428304182531588096	2959344034	4652310027927907723342638929661657088	444	46	444	790
  33.24	0	-0.000	8887	2422472832	2087191206	2690908578	65428304182531588096	2959344034	4652310027927907723342638929661657088	444	46	444	790
  33.29	0	-0.000	8887	2422472832	2087191206	2690908578	65428304182531588096	2959344034	4652310027927907723342638929661657088	444	46	444	790
  33.35	0	-0.000	8887	2422472832	2087191206	2690908578	65428304182531588096	2959344034	4652310027927907723342638929661657088	444	46	444	790
  33.40	0	-0.000	8887	2422472832	2087191206	2690908578	65428304182531588096	2959344034	4652310027927907723342638929661657088	444	46	444	790
  33.45	0	-0.000	8887	2422472832	2087191206	2690908578	65428304182531588096	2959344034	4652310027927907723342638929661657088	444	46	444	790
  33.51	0	-0.000	8887	2422472832	2087191206	2690908578	65428304182531588096	2959344034	4652310027927907723342638929661657088	444	46	444	790
  33.56	0	-0.000	8887	2422472832	2087191206	2690908578	65428304182531588096	2959344034	4652310027927907723342638929661657088	444	46	444	790
  33.61	0	-0.000	8887	2422472832	2087191206	2690908578	65428304182531588096	2959344034	4652310027927907723342638929661657088	444	46	444	790
  33.67	0	-0.000	8887	2422472832	2087191206	2690908578	65428304182531588096	2959344034	4652310027927907723342638929661657088	444	46	444	790
  33.72	0	-0.000	8887	2422472832	2087191206	2690908578	65428304182531588096	2959344034	4652310027927907723342638929661657088	444	46	444	790
  33.77	0	-0.000	8887	2422472832	2087191206	2690908578	65428304182531588096	2959344034	4652310027927907723342638929661657088	444	46	444	790
  33.83	0	-0.000	8887	2422472832	2087191206	2690908578	65428304182531588096	2959344034	4652310027927907723342638929661657088	444	46	444	790
  33.88	0	-0.000	8887	2422472832	2087191206	2690908578	65428304182531588096	2959344034	4652310027927907723342638929661657088	444	46	444	790
  33.94	0	-0.000	8887	2422472832	2087191206	2690908578	65428304182531588096	2959344034	4652310027927907723342638929661657088	444	46	444	790
  33.99	0	-0.000	8887	2422472832	2087191206	2690908578	65428304182531588096	2959344034	4652310027927907723342638929661657088	444	46	444	790
  34.04	0	-0.000	8887	2422472832	2087191206	2690908578	65428304182531588096	2959344034	4652310027927907723342638929661657088	444	46	444	790
  34.10	0	-0.000	8887	2422472832	2087191206	2690908578	65428304182531588096	2959344034	4652310027927907723342638929661657088	444	46	444	790
  34.15	0	-0.000	8887	2422472832	2087191206	2690908578	65428304182531588096	2959344034	4652310027927907723342638929661657088	444	46	444	790
  34.20	0	-0.000	8887	2422472832	2087191206	2690908578	65428304182531588096	2959344034	4652310027927907723342638929661657088	444	46	444	790
  34.26	0	-0.000	8887	2422472832	2087191206	2690908578	65428304182531588096	2959344034	4652310027927907723342638929661657088	444	46	444	790
  34.31	0	-0.000	8887	2422472832	2087191206	2690908578	65428304182531588096	2959344034	4652310027927907723342638929661657088	444	46	444	790
  34.37	0	-0.000	8887	2422472832	2087191206	2690908578	65428304182531588096	2959344034	4652310027927907723342638929661657088	444	46	444	790
  34.42	0	-0.000	8887	2422472832	2087191206	2690908578	65428304182531588096	2959344034	4652310027927907723342638929661657088	444	46	444	790
  34.47	0	-0.000	8887	2422472832	2087191206	2690908578	65428304182531588096	2959344034	4652310027927907723342638929661657088	444	46	444	790
  34.53	0	-0.000	8887	2422472832	2087191206	2690908578	65428304182531588096	2959344034	4652310027927907723342638929661657088	444	46	444	790
  34.58	0	-0.000	8887	2422472832	2087191206	2690908578	65428304182531588096	2959344034	4652310027927907723342638929661657088	444	46	444	790
  34.63	0	-0.000	8887	2422472832	2087191206	2690908578	65428304182531588096	2959344034	4652310027927907723342638929661657088	444	46	444	790
  34.69	0	-0.000	8887	2422472832	2087191206	2690908578	65428304182531588096	2959344034	4652310027927907723342638929661657088	444	46	444	790
  34.74	0	-0.000	8887	2422472832	2087191206	2690908578	65428304182531588096	2959344034	4652310027927907723342638929661657088	444	46	444	790
  34.79	0	-0.000	8887	2422472832	2087191206	2690908578	65428304182531588096	2959344034	4652310027927907723342638929661657088	444	46	444	790
  34.85	0	-0.000	8887	2422472832	2087191206	2690908578	65428304182531588096	2959344034	4652310027927907723342638929661657088	444	46	444	790
  34.90	0	-0.000	8887	2422472832	2087191206	2690908578	65428304182531588096	2959344034	4652310027927907723342638929661657088	444	46	444	790
  34.96	0	-0.000	8887	2422472832	2087191206	2690908578	65428304182531588096	2959344034	4652310027927907723342638929661657088	444	46	444	790
  35.01	0	-0.000	8887	2422472832	2087191206	2690908578	65428304182531588096	2959344034	4652310027927907723342638929661657088	444	46	444	790
  35.06	0	-0.000	8887	2422472832	2087191206	2690908578	65428304182531588096	2959344034	4652310027927907723342638929661657088	444	46	444	790
  35.12	0	-0.000	8887	2422472832	2087191206	2690908578	65428304182531588096	2959344034	4652310027927907723342638929661657088	444	46	444	790
  35.17	0	-0.000	8887	2422472832	2087191206	2690908578	65428304182531588096	2959344034	4652310027927907723342638929661657088	444	46	444	790
  35.22	0	-0.000	8887	2422472832	2087191206	2690908578	65428304182531588096	2959344034	4652310027927907723342638929661657088	444	46	444	790
  35.27	0	-0.000	8887	2422472832	2087191206	2690908578	65428304182531588096	2959344034	4652310027927907723342638929661657088	444	46	444	790
  35.33	0	-0.000	8887	2422472832	2087191206	2690908578	65428304182531588096	2959344034	4652310027927907723342638929661657088	444	46	444	790
  35.38	0	-0.000	8887	2422472832	2087191206	2690908578	65428304182531588096	2959344034	4652310027927907723342638929661657088	444	46	444	790
  35.43	0	-0.000	8887	2422472832	2087191206	2690908578	65428304182531588096	2959344034	4652310027927907723342638929661657088	444	46	444	790
  35.48	0	-0.000	8887	2422472832	2087191206	2690908578	65428304182531588096	2959344034	4652310027927907723342638929661657088	444	46	444	790
  35.53	0	-0.000	8887	2422472832	2087191206	2690908578	65428304182531588096	2959344034	4652310027927907723342638929661657088	444	46	444	790
  35.59	0	-0.000	8887	2422472832	2087191206	2690908578	65428304182531588096	2959344034	4652310027927907723342638929661657088	444	46	444	790
  35.64	0	-0.000	8887	2422472832	2087191206	2690908578	65428304182531588096	2959344034	4652310027927907723342638929661657088	444	46	444	790
  35.70	0	-0.000	8887	2422472832	2087191206	2690908578	65428304182531588096	2959344034	4652310027927907723342638929661657088	444	46	444	790
  35.75	0	-0.000	8887	2422472832	2087191206	2690908578	65428304182531588096	2959344034	4652310027927907723342638929661657088	444	46	444	790
  35.81	0	-0.000	8887	2422472832	2087191206	2690908578	65428304182531588096	2959344034	4652310027927907723342638929661657088	444	46	444	790
  35.86	0	-0.000	8887	2422472832	2087191206	2690908578	65428304182531588096	2959344034	4652310027927907723342638929661657088	444	46	444	790
  35.91	0	-0.000	8887	2422472832	2087191206	2690908578	65428304182531588096	2959344034	4652310027927907723342638929661657088	444	46	444	790
  35.97	0	-0.000	8887	2422472832	2087191206	2690908578	65428304182531588096	2959344034	4652310027927907723342638929661657088	444	46	444	790
  36.02	0	-0.000	8887	2422472832	2087191206	2690908578	65428304182531588096	2959344034	4652310027927907723342638929661657088	444	46	444	790
  36.08	0	-0.000	8887	2422472832	2087191206	2690908578	65428304182531588096	2959344034	4652310027927907723342638929661657088	444	46	444	790
  36.13	0	-0.000	8887	2422472832	2087191206	2690908578	65428304182531588096	2959344034	4652310027927907723342638929661657088	444	46	444	790
  36.18	0	-0.000	8887	2422472832	2087191206	2690908578	65428304182531588096	2959344034	4652310027927907723342638929661657088	444	46	444	790
  36.24	0	-0.000	8887	2422472832	2087191206	2690908578	65428304182531588096	2959344034	4652310027927907723342638929661657088	444	46	444	790
  36.29	0	-0.000	8887	2422472832	2087191206	2690908578	65428304182531588096	2959344034	4652310027927907723342638929661657088	444	46	444	790
  36.35	0	-0.000	8887	2422472832	2087191206	2690908578	65428304182531588096	2959344034	4652310027927907723342638929661657088	444	46	444	790
  36.40	0	-0.000	8887	2422472832	2087191206	2690908578	65428304182531588096	2959344034	4652310027927907723342638929661657088	444	46	444	790
  36.46	0	-0.000	8887	2422472832	2087191206	2690908578	65428304182531588096	2959344034	4652310027927907723342638929661657088	444	46	444	790
  36.51	0	-0.000	8887	2422472832	2087191206	2690908578	65428304182531588096	2959344034	4652310027927907723342638929661657088	444	46	444	790
  36.56	0	-0.000	8887	2422472832	2087191206	2690908578	65428304182531588096	2959344034	4652310027927907723342638929661657088	444	46	444	790
  36.62	0	-0.000	8887	2422472832	2087191206	2690908578	65428304182531588096	2959344034	4652310027927907723342638929661657088	444	46	444	790
  36.67	0	-0.000	8887	2422472832	2087191206	2690908578	65428304182531588096	2959344034	4652310027927907723342638929661657088	444	46	444	790
  36.73	0	-0.000	8887	2422472832	2087191206	2690908578	65428304182531588096	2959344034	4652310027927907723342638929661657088	444	46	444	790
  36.78	0	-0.000	8887	2422472832	2087191206	2690908578	65428304182531588096	2959344034	4652310027927907723342638929661657088	444	46	444	790
  36.83	0	-0.000	8887	2422472832	2087191206	2690908578	65428304182531588096	2959344034	4652310027927907723342638929661657088	444	46	444	790
  36.88	0	-0.000	8887	2422472832	2087191206	2690908578	65428304182531588096	2959344034	4652310027927907723342638929661657088	444	46	444	790
  36.94	0	-0.000	8887	2422472832	2087191206	2690908578	65428304182531588096	2959344034	4652310027927907723342638929661657088	444	46	444	790
  36.99	0	-0.000	8887	2422472832	2087191206	2690908578	65428304182531588096	2959344034	4652310027927907723342638929661657088	444	46	444	790
  37.05	0	-0.000	8887	2422472832	2087191206	2690908578	65428304182531588096	2959344034	4652310027927907723342638929661657088	444	46	444	790
  37.10	0	-0.000	8887	2422472832	2087191206	2690908578	65428304182531588096	2959344034	4652310027927907723342638929661657088	444	46	444	790
  37.15	0	-0.000	8887	2422472832	2087191206	2690908578	65428304182531588096	2959344034	4652310027927907723342638929661657088	444	46	444	790
  37.21	0	-0.000	8887	2422472832	2087191206	2690908578	65428304182531588096	2959344034	4652310027927907723342638929661657088	444	46	444	790
  37.26	0	-0.000	8887	2422472832	2087191206	2690908578	65428304182531588096	2959344034	4652310027927907723342638929661657088	444	46	444	790
  37.32	0	-0.000	8887	2422472832	2087191206	2690908578	65428304182531588096	2959344034	4652310027927907723342638929661657088	444	46	444	790
  37.37	0	-0.000	8887	2422472832	2087191206	2690908578	65428304182531588096	2959344034	4652310027927907723342638929661657088	444	46	444	790
  37.43	0	-0.000	8887	2422472832	2087191206	2690908578	65428304182531588096	2959344034	4652310027927907723342638929661657088	444	46	444	790
  37.48	0	-0.000	8887	2422472832	2087191206	2690908578	65428304182531588096	2959344034	4652310027927907723342638929661657088	444	46	444	790
  37.54	0	-0.000	8887	2422472832	2087191206	2690908578	65428304182531588096	2959344034	4652310027927907723342638929661657088	444	46	444	790
  37.59	0	-0.000	8887	2422472832	2087191206	2690908578	65428304182531588096	2959344034	4652310027927907723342638929661657088	444	46	444	790
  37.65	0	-0.000	8887	2422472832	2087191206	2690908578	65428304182531588096	2959344034	4652310027927907723342638929661657088	444	46	444	790
  37.70	0	-0.000	8887	2422472832	2087191206	2690908578	65428304182531588096	2959344034	4652310027927907723342638929661657088	444	46	444	790
  37.75	0	-0.000	8887	2422472832	2087191206	2690908578	65428304182531588096	2959344034	4652310027927907723342638929661657088	444	46	444	790
  37.81	0	-0.000	8887	2422472832	2087191206	2690908578	65428304182531588096	2959344034	4652310027927907723342638929661657088	444	46	444	790
  37.86	0	-0.000	8887	2422472832	2087191206	2690908578	65428304182531588096	2959344034	4652310027927907723342638929661657088	444	46	444	790
  37.92	0	-0.000	8887	2422472832	2087191206	2690908578	65428304182531588096	2959344034	4652310027927907723342638929661657088	444	46	444	790
  37.97	0	-0.000	8887	2422472832	2087191206	2690908578	65428304182531588096	2959344034	4652310027927907723342638929661657088	444	46	444	790
  38.02	0	-0.000	8887	2422472832	2087191206	2690908578	65428304182531588096	2959344034	4652310027927907723342638929661657088	444	46	444	790
  38.07	0	-0.000	8887	2422472832	2087191206	2690908578	65428304182531588096	2959344034	4652310027927907723342638929661657088	444	46	444	790
  38.12	0	-0.000	8887	2422472832	2087191206	2690908578	65428304182531588096	2959344034	4652310027927907723342638929661657088	444	46	444	790
  38.18	0	-0.000	8887	2422472832	2087191206	2690908578	65428304182531588096	2959344034	4652310027927907723342638929661657088	444	46	444	790
  38.23	0	-0.000	8887	2422472832	2087191206	2690908578	65428304182531588096	2959344034	4652310027927907723342638929661657088	444	46	444	790
  38.28	0	-0.000	8887	2422472832	2087191206	2690908578	65428304182531588096	2959344034	4652310027927907723342638929661657088	444	46	444	790
  38.34	0	-0.000	8887	2422472832	2087191206	2690908578	65428304182531588096	2959344034	4652310027927907723342638929661657088	444	46	444	790
  38.39	0	-0.000	8887	2422472832	2087191206	2690908578	65428304182531588096	2959344034	4652310027927907723342638929661657088	444	46	444	790
  38.44	0	-0.000	8887	2422472832	2087191206	2690908578	65428304182531588096	2959344034	4652310027927907723342638929661657088	444	46	444	790
  38.50	0	-0.000	8887	2422472832	2087191206	2690908578	65428304182531588096	2959344034	4652310027927907723342638929661657088	444	46	444	790
  38.55	0	-0.000	8887	2422472832	2087191206	2690908578	65428304182531588096	2959344034	4652310027927907723342638929661657088	444	46	444	790
  38.61	0	-0.000	8887	2422472832	2087191206	2690908578	65428304182531588096	2959344034	4652310027927907723342638929661657088	444	46	444	790
  38.66	0	-0.000	8887	2422472832	2087191206	2690908578	65428304182531588096	2959344034	4652310027927907723342638929661657088	444	46	444	790
  38.71	0	-0.000	8887	2422472832	2087191206	2690908578	65428304182531588096	2959344034	4652310027927907723342638929661657088	444	46	444	790
  38.77	0	-0.000	8887	2422472832	2087191206	2690908578	65428304182531588096	2959344034	4652310027927907723342638929661657088	444	46	444	790
  38.82	0	-0.000	8887	2422472832	2087191206	2690908578	65428304182531588096	2959344034	4652310027927907723342638929661657088	444	46	444	790
  38.87	0	-0.000	8887	2422472832	2087191206	2690908578	65428304182531588096	2959344034	4652310027927907723342638929661657088	444	46	444	790
  38.93	0	-0.000	8887	2422472832	2087191206	2690908578	65428304182531588096	2959344034	4652310027927907723342638929661657088	444	46	444	790
  38.98	0	-0.000	8887	2422472832	2087191206	2690908578	65428304182531588096	2959344034	4652310027927907723342638929661657088	444	46	444	790
  39.04	0	-0.000	8887	2422472832	2087191206	2690908578	65428304182531588096	2959344034	4652310027927907723342638929661657088	444	46	444	790
  39.09	0	-0.000	8887	2422472832	2087191206	2690908578	65428304182531588096	2959344034	4652310027927907723342638929661657088	444	46	444	790
  39.14	0	-0.000	8887	2422472832	2087191206	2690908578	65428304182531588096	2959344034	4652310027927907723342638929661657088	444	46	444	790
  39.20	0	-0.000	8887	2422472832	2087191206	2690908578	65428304182531588096	2959344034	4652310027927907723342638929661657088	444	46	444	790
  39.25	0	-0.000	8887	2422472832	2087191206	2690908578	65428304182531588096	2959344034	4652310027927907723342638929661657088	444	46	444	790
  39.30	0	-0.000	8887	2422472832	2087191206	2690908578	65428304182531588096	2959344034	4652310027927907723342638929661657088	444	46	444	790
  39.36	0	-0.000	8887	2422472832	2087191206	2690908578	65428304182531588096	2959344034	4652310027927907723342638929661657088	444	46	444	790
  39.41	0	-0.000	8887	2422472832	2087191206	2690908578	65428304182531588096	2959344034	4652310027927907723342638929661657088	444	46	444	790
  39.46	0	-0.000	8887	2422472832	2087191206	2690908578	65428304182531588096	2959344034	4652310027927907723342638929661657088	444	46	444	790
  39.51	0	-0.000	8887	2422472832	2087191206	2690908578	65428304182531588096	2959344034	4652310027927907723342638929661657088	444	46	444	790
  39.56	0	-0.000	8887	2422472832	2087191206	2690908578	65428304182531588096	2959344034	4652310027927907723342638929661657088	444	46	444	790
  39.62	0	-0.000	8887	2422472832	2087191206	2690908578	65428304182531588096	2959344034	4652310027927907723342638929661657088	444	46	444	790
  39.67	0	-0.000	8887	2422472832	2087191206	2690908578	65428304182531588096	2959344034	4652310027927907723342638929661657088	444	46	444	790
  39.72	0	-0.000	8887	2422472832	2087191206	2690908578	65428304182531588096	2959344034	4652310027927907723342638929661657088	444	46	444	790
  39.77	0	-0.000	8887	2422472832	2087191206	2690908578	65428304182531588096	2959344034	4652310027927907723342638929661657088	444	46	444	790
  39.83	0	-0.000	8887	2422472832	2087191206	2690908578	65428304182531588096	2959344034	4652310027927907723342638929661657088	444	46	444	790
  39.88	0	-0.000	8887	2422472832	2087191206	2690908578	65428304182531588096	2959344034	4652310027927907723342638929661657088	444	46	444	790
  39.93	0	-0.000	8887	2422472832	2087191206	2690908578	65428304182531588096	2959344034	4652310027927907723342638929661657088	444	46	444	790
  39.99	0	-0.000	8887	2422472832	2087191206	2690908578	65428304182531588096	2959344034	4652310027927907723342638929661657088	444	46	444	790
  40.04	0	-0.000	8887	2422472832	2087191206	2690908578	65428304182531588096	2959344034	4652310027927907723342638929661657088	444	46	444	790
  40.10	0	-0.000	8887	2422472832	2087191206	2690908578	65428304182531588096	2959344034	4652310027927907723342638929661657088	444	46	444	790
  40.15	0	-0.000	8887	2422472832	2087191206	2690908578	65428304182531588096	2959344034	4652310027927907723342638929661657088	444	46	444	790
  40.20	0	-0.000	8887	2422472832	2087191206	2690908578	65428304182531588096	2959344034	4652310027927907723342638929661657088	444	46	444	790
  40.26	0	-0.000	8887	2422472832	2087191206	2690908578	65428304182531588096	2959344034	4652310027927907723342638929661657088	444	46	444	790
  40.31	0	-0.000	8887	2422472832	2087191206	2690908578	65428304182531588096	2959344034	4652310027927907723342638929661657088	444	46	444	790
  40.37	0	-0.000	8887	2422472832	2087191206	2690908578	65428304182531588096	2959344034	4652310027927907723342638929661657088	444	46	444	790
  40.42	0	-0.000	8887	2422472832	2087191206	2690908578	65428304182531588096	2959344034	4652310027927907723342638929661657088	444	46	444	790
  40.47	0	-0.000	8887	2422472832	2087191206	2690908578	65428304182531588096	2959344034	4652310027927907723342638929661657088	444	46	444	790
  40.53	0	-0.000	8887	2422472832	2087191206	2690908578	65428304182531588096	2959344034	4652310027927907723342638929661657088	444	46	444	790
  40.58	0	-0.000	8887	2422472832	2087191206	2690908578	65428304182531588096	2959344034	4652310027927907723342638929661657088	444	46	444	790
  40.63	0	-0.000	8887	2422472832	2087191206	2690908578	65428304182531588096	2959344034	4652310027927907723342638929661657088	444	46	444	790
  40.69	0	-0.000	8887	2422472832	2087191206	2690908578	65428304182531588096	2959344034	4652310027927907723342638929661657088	444	46	444	790
  40.74	0	-0.000	8887	2422472832	2087191206	2690908578	65428304182531588096	2959344034	4652310027927907723342638929661657088	444	46	444	790
  40.80	0	-0.000	8887	2422472832	2087191206	2690908578	65428304182531588096	2959344034	4652310027927907723342638929661657088	444	46	444	790
  40.85	0	-0.000	8887	2422472832	2087191206	2690908578	65428304182531588096	2959344034	4652310027927907723342638929661657088	444	46	444	790
  40.90	0	-0.000	8887	2422472832	2087191206	2690908578	65428304182531588096	2959344034	4652310027927907723342638929661657088	444	46	444	790
  40.96	0	-0.000	8887	2422472832	2087191206	2690908578	65428304182531588096	2959344034	4652310027927907723342638929661657088	444	46	444	790
  41.02	0	-0.000	8887	2422472832	2087191206	2690908578	65428304182531588096	2959344034	4652310027927907723342638929661657088	444	46	444	790
  41.07	0	-0.000	8887	2422472832	2087191206	2690908578	65428304182531588096	2959344034	4652310027927907723342638929661657088	444	46	444	790
  41.12	0	-0.000	8887	2422472832	2087191206	2690908578	65428304182531588096	2959344034	4652310027927907723342638929661657088	444	46	444	790
  41.18	0	-0.000	8887	2422472832	2087191206	2690908578	65428304182531588096	2959344034	4652310027927907723342638929661657088	444	46	444	790
  41.23	0	-0.000	8887	2422472832	2087191206	2690908578	65428304182531588096	2959344034	4652310027927907723342638929661657088	444	46	444	790
  41.28	0	-0.000	8887	2422472832	2087191206	2690908578	65428304182531588096	2959344034	4652310027927907723342638929661657088	444	46	444	790
  41.34	0	-0.000	8887	2422472832	2087191206	2690908578	65428304182531588096	2959344034	4652310027927907723342638929661657088	444	46	444	790
  41.39	0	-0.000	8887	2422472832	2087191206	2690908578	65428304182531588096	2959344034	4652310027927907723342638929661657088	444	46	444	790
  41.44	0	-0.000	8887	2422472832	2087191206	2690908578	65428304182531588096	2959344034	4652310027927907723342638929661657088	444	46	444	790
  41.49	0	-0.000	8887	2422472832	2087191206	2690908578	65428304182531588096	2959344034	4652310027927907723342638929661657088	444	46	444	790
  41.55	0	-0.000	8887	2422472832	2087191206	2690908578	65428304182531588096	2959344034	4652310027927907723342638929661657088	444	46	444	790
  41.60	0	-0.000	8887	2422472832	2087191206	2690908578	65428304182531588096	2959344034	4652310027927907723342638929661657088	444	46	444	790
  41.65	0	-0.000	8887	2422472832	2087191206	2690908578	65428304182531588096	2959344034	4652310027927907723342638929661657088	444	46	444	790
  41.70	0	-0.000	8887	2422472832	2087191206	2690908578	65428304182531588096	2959344034	4652310027927907723342638929661657088	444	46	444	790
  41.76	0	-0.000	8887	2422472832	2087191206	2690908578	65428304182531588096	2959344034	4652310027927907723342638929661657088	444	46	444	790
  41.81	0	-0.000	8887	2422472832	2087191206	2690908578	65428304182531588096	2959344034	4652310027927907723342638929661657088	444	46	444	790
  41.86	0	-0.000	8887	2422472832	2087191206	2690908578	65428304182531588096	2959344034	4652310027927907723342638929661657088	444	46	444	790
  41.92	0	-0.000	8887	2422472832	2087191206	2690908578	65428304182531588096	2959344034	4652310027927907723342638929661657088	444	46	444	790
  41.97	0	-0.000	8887	2422472832	2087191206	2690908578	65428304182531588096	2959344034	4652310027927907723342638929661657088	444	46	444	790
  42.02	0	-0.000	8887	2422472832	2087191206	2690908578	65428304182531588096	2959344034	4652310027927907723342638929661657088	444	46	444	790
  42.07	0	-0.000	8887	2422472832	2087191206	2690908578	65428304182531588096	2959344034	4652310027927907723342638929661657088	444	46	444	790
  42.13	0	-0.000	8887	2422472832	2087191206	2690908578	65428304182531588096	2959344034	4652310027927907723342638929661657088	444	46	444	790
  42.18	0	-0.000	8887	2422472832	2087191206	2690908578	65428304182531588096	2959344034	4652310027927907723342638929661657088	444	46	444	790
  42.24	0	-0.000	8887	2422472832	2087191206	2690908578	65428304182531588096	2959344034	4652310027927907723342638929661657088	444	46	444	790
  42.29	0	-0.000	8887	2422472832	2087191206	2690908578	65428304182531588096	2959344034	4652310027927907723342638929661657088	444	46	444	790
  42.34	0	-0.000	8887	2422472832	2087191206	2690908578	65428304182531588096	2959344034	4652310027927907723342638929661657088	444	46	444	790
  42.40	0	-0.000	8887	2422472832	2087191206	2690908578	65428304182531588096	2959344034	4652310027927907723342638929661657088	444	46	444	790
  42.45	0	-0.000	8887	2422472832	2087191206	2690908578	65428304182531588096	2959344034	4652310027927907723342638929661657088	444	46	444	790
  42.51	0	-0.000	8887	2422472832	2087191206	2690908578	65428304182531588096	2959344034	4652310027927907723342638929661657088	444	46	444	790
  42.56	0	-0.000	8887	2422472832	2087191206	2690908578	65428304182531588096	2959344034	4652310027927907723342638929661657088	444	46	444	790
  42.62	0	-0.000	8887	2422472832	2087191206	2690908578	65428304182531588096	2959344034	4652310027927907723342638929661657088	444	46	444	790
  42.67	0	-0.000	8887	2422472832	2087191206	2690908578	65428304182531588096	2959344034	4652310027927907723342638929661657088	444	46	444	790
  42.72	0	-0.000	8887	2422472832	2087191206	2690908578	65428304182531588096	2959344034	4652310027927907723342638929661657088	444	46	444	790
  42.78	0	-0.000	8887	2422472832	2087191206	2690908578	65428304182531588096	2959344034	4652310027927907723342638929661657088	444	46	444	790
  42.83	0	-0.000	8887	2422472832	2087191206	2690908578	65428304182531588096	2959344034	4652310027927907723342638929661657088	444	46	444	790
  42.89	0	-0.000	8887	2422472832	2087191206	2690908578	65428304182531588096	2959344034	4652310027927907723342638929661657088	444	46	444	790
  42.94	0	-0.000	8887	2422472832	2087191206	2690908578	65428304182531588096	2959344034	4652310027927907723342638929661657088	444	46	444	790
  42.99	0	-0.000	8887	2422472832	2087191206	2690908578	65428304182531588096	2959344034	4652310027927907723342638929661657088	444	46	444	790
  43.05	0	-0.000	8887	2422472832	2087191206	2690908578	65428304182531588096	2959344034	4652310027927907723342638929661657088	444	46	444	790
  43.10	0	-0.000	8887	2422472832	2087191206	2690908578	65428304182531588096	2959344034	4652310027927907723342638929661657088	444	46	444	790
  43.15	0	-0.000	8887	2422472832	2087191206	2690908578	65428304182531588096	2959344034	4652310027927907723342638929661657088	444	46	444	790
  43.21	0	-0.000	8887	2422472832	2087191206	2690908578	65428304182531588096	2959344034	4652310027927907723342638929661657088	444	46	444	790
  43.26	0	-0.000	8887	2422472832	2087191206	2690908578	65428304182531588096	2959344034	4652310027927907723342638929661657088	444	46	444	790
  43.32	0	-0.000	8887	2422472832	2087191206	2690908578	65428304182531588096	2959344034	4652310027927907723342638929661657088	444	46	444	790
  43.37	0	-0.000	8887	2422472832	2087191206	2690908578	65428304182531588096	2959344034	4652310027927907723342638929661657088	444	46	444	790
  43.42	0	-0.000	8887	2422472832	2087191206	2690908578	65428304182531588096	2959344034	4652310027927907723342638929661657088	444	46	444	790
  43.48	0	-0.000	8887	2422472832	2087191206	2690908578	65428304182531588096	2959344034	4652310027927907723342638929661657088	444	46	444	790
  43.53	0	-0.000	8887	2422472832	2087191206	2690908578	65428304182531588096	2959344034	4652310027927907723342638929661657088	444	46	444	790
  43.58	0	-0.000	8887	2422472832	2087191206	2690908578	65428304182531588096	2959344034	4652310027927907723342638929661657088	444	46	444	790
  43.64	0	-0.000	8887	2422472832	2087191206	2690908578	65428304182531588096	2959344034	4652310027927907723342638929661657088	444	46	444	790
  43.69	0	-0.000	8887	2422472832	2087191206	2690908578	65428304182531588096	2959344034	4652310027927907723342638929661657088	444	46	444	790
  43.74	0	-0.000	8887	2422472832	2087191206	2690908578	65428304182531588096	2959344034	4652310027927907723342638929661657088	444	46	444	790
  43.80	0	-0.000	8887	2422472832	2087191206	2690908578	65428304182531588096	2959344034	4652310027927907723342638929661657088	444	46	444	790
  43.85	0	-0.000	8887	2422472832	2087191206	2690908578	65428304182531588096	2959344034	4652310027927907723342638929661657088	444	46	444	790
  43.91	0	-0.000	8887	2422472832	2087191206	2690908578	65428304182531588096	2959344034	4652310027927907723342638929661657088	444	46	444	790
  43.96	0	-0.000	8887	2422472832	2087191206	2690908578	65428304182531588096	2959344034	4652310027927907723342638929661657088	444	46	444	790
  44.01	0	-0.000	8887	2422472832	2087191206	2690908578	65428304182531588096	2959344034	4652310027927907723342638929661657088	444	46	444	790
  44.07	0	-0.000	8887	2422472832	2087191206	2690908578	65428304182531588096	2959344034	4652310027927907723342638929661657088	444	46	444	790
  44.12	0	-0.000	8887	2422472832	2087191206	2690908578	65428304182531588096	2959344034	4652310027927907723342638929661657088	444	46	444	790
  44.17	0	-0.000	8887	2422472832	2087191206	2690908578	65428304182531588096	2959344034	4652310027927907723342638929661657088	444	46	444	790
  44.23	0	-0.000	8887	2422472832	2087191206	2690908578	65428304182531588096	2959344034	4652310027927907723342638929661657088	444	46	444	790
  44.28	0	-0.000	8887	2422472832	2087191206	2690908578	65428304182531588096	2959344034	4652310027927907723342638929661657088	444	46	444	790
  44.33	0	-0.000	8887	2422472832	2087191206	2690908578	65428304182531588096	2959344034	4652310027927907723342638929661657088	444	46	444	790
  44.39	0	-0.000	8887	2422472832	2087191206	2690908578	65428304182531588096	2959344034	4652310027927907723342638929661657088	444	46	444	790
  44.44	0	-0.000	8887	2422472832	2087191206	2690908578	65428304182531588096	2959344034	4652310027927907723342638929661657088	444	46	444	790
  44.49	0	-0.000	8887	2422472832	2087191206	2690908578	65428304182531588096	2959344034	4652310027927907723342638929661657088	444	46	444	790
  44.55	0	-0.000	8887	2422472832	2087191206	2690908578	65428304182531588096	2959344034	4652310027927907723342638929661657088	444	46	444	790
  44.60	0	-0.000	8887	2422472832	2087191206	2690908578	65428304182531588096	2959344034	4652310027927907723342638929661657088	444	46	444	790
  44.65	0	-0.000	8887	2422472832	2087191206	2690908578	65428304182531588096	2959344034	4652310027927907723342638929661657088	444	46	444	790
  44.71	0	-0.000	8887	2422472832	2087191206	2690908578	65428304182531588096	2959344034	4652310027927907723342638929661657088	444	46	444	790
  44.76	0	-0.000	8887	2422472832	2087191206	2690908578	65428304182531588096	2959344034	4652310027927907723342638929661657088	444	46	444	790
  44.81	0	-0.000	8887	2422472832	2087191206	2690908578	65428304182531588096	2959344034	4652310027927907723342638929661657088	444	46	444	790
  44.87	0	-0.000	8887	2422472832	2087191206	2690908578	65428304182531588096	2959344034	4652310027927907723342638929661657088	444	46	444	790
  44.92	0	-0.000	8887	2422472832	2087191206	2690908578	65428304182531588096	2959344034	4652310027927907723342638929661657088	444	46	444	790
  44.98	0	-0.000	8887	2422472832	2087191206	2690908578	65428304182531588096	2959344034	4652310027927907723342638929661657088	444	46	444	790
  45.03	0	-0.000	8887	2422472832	2087191206	2690908578	65428304182531588096	2959344034	4652310027927907723342638929661657088	444	46	444	790
  45.08	0	-0.000	8887	2422472832	2087191206	2690908578	65428304182531588096	2959344034	4652310027927907723342638929661657088	444	46	444	790
  45.13	0	-0.000	8887	2422472832	2087191206	2690908578	65428304182531588096	2959344034	4652310027927907723342638929661657088	444	46	444	790
  45.19	0	-0.000	8887	2422472832	2087191206	2690908578	65428304182531588096	2959344034	4652310027927907723342638929661657088	444	46	444	790
  45.24	0	-0.000	8887	2422472832	2087191206	2690908578	65428304182531588096	2959344034	4652310027927907723342638929661657088	444	46	444	790
  45.29	0	-0.000	8887	2422472832	2087191206	2690908578	65428304182531588096	2959344034	4652310027927907723342638929661657088	444	46	444	790
  45.34	0	-0.000	8887	2422472832	2087191206	2690908578	65428304182531588096	2959344034	4652310027927907723342638929661657088	444	46	444	790
  45.39	0	-0.000	8887	2422472832	2087191206	2690908578	65428304182531588096	2959344034	4652310027927907723342638929661657088	444	46	444	790
  45.45	0	-0.000	8887	2422472832	2087191206	2690908578	65428304182531588096	2959344034	4652310027927907723342638929661657088	444	46	444	790
  45.50	0	-0.000	8887	2422472832	2087191206	2690908578	65428304182531588096	2959344034	4652310027927907723342638929661657088	444	46	444	790
  45.55	0	-0.000	8887	2422472832	2087191206	2690908578	65428304182531588096	2959344034	4652310027927907723342638929661657088	444	46	444	790
  45.60	0	-0.000	8887	2422472832	2087191206	2690908578	65428304182531588096	2959344034	4652310027927907723342638929661657088	444	46	444	790
  45.66	0	-0.000	8887	2422472832	2087191206	2690908578	65428304182531588096	2959344034	4652310027927907723342638929661657088	444	46	444	790
  45.71	0	-0.000	8887	2422472832	2087191206	2690908578	65428304182531588096	2959344034	4652310027927907723342638929661657088	444	46	444	790
  45.76	0	-0.000	8887	2422472832	2087191206	2690908578	65428304182531588096	2959344034	4652310027927907723342638929661657088	444	46	444	790
  45.82	0	-0.000	8887	2422472832	2087191206	2690908578	65428304182531588096	2959344034	4652310027927907723342638929661657088	444	46	444	790
  45.87	0	-0.000	8887	2422472832	2087191206	2690908578	65428304182531588096	2959344034	4652310027927907723342638929661657088	444	46	444	790
  45.92	0	-0.000	8887	2422472832	2087191206	2690908578	65428304182531588096	2959344034	4652310027927907723342638929661657088	444	46	444	790
  45.97	0	-0.000	8887	2422472832	2087191206	2690908578	65428304182531588096	2959344034	4652310027927907723342638929661657088	444	46	444	790
  46.02	0	-0.000	8887	2422472832	2087191206	2690908578	65428304182531588096	2959344034	4652310027927907723342638929661657088	444	46	444	790
  46.08	0	-0.000	8887	2422472832	2087191206	2690908578	65428304182531588096	2959344034	4652310027927907723342638929661657088	444	46	444	790
  46.13	0	-0.000	8887	2422472832	2087191206	2690908578	65428304182531588096	2959344034	4652310027927907723342638929661657088	444	46	444	790
  46.18	0	-0.000	8887	2422472832	2087191206	2690908578	65428304182531588096	2959344034	4652310027927907723342638929661657088	444	46	444	790
  46.23	0	-0.000	8887	2422472832	2087191206	2690908578	65428304182531588096	2959344034	4652310027927907723342638929661657088	444	46	444	790
  46.29	0	-0.000	8887	2422472832	2087191206	2690908578	65428304182531588096	2959344034	4652310027927907723342638929661657088	444	46	444	790
  46.34	0	-0.000	8887	2422472832	2087191206	2690908578	65428304182531588096	2959344034	4652310027927907723342638929661657088	444	46	444	790
  46.40	0	-0.000	8887	2422472832	2087191206	2690908578	65428304182531588096	2959344034	4652310027927907723342638929661657088	444	46	444	790
  46.45	0	-0.000	8887	2422472832	2087191206	2690908578	65428304182531588096	2959344034	4652310027927907723342638929661657088	444	46	444	790
  46.51	0	-0.000	8887	2422472832	2087191206	2690908578	65428304182531588096	2959344034	4652310027927907723342638929661657088	444	46	444	790
  46.56	0	-0.000	8887	2422472832	2087191206	2690908578	65428304182531588096	2959344034	4652310027927907723342638929661657088	444	46	444	790
  46.61	0	-0.000	8887	2422472832	2087191206	2690908578	65428304182531588096	2959344034	4652310027927907723342638929661657088	444	46	444	790
  46.67	0	-0.000	8887	2422472832	2087191206	2690908578	65428304182531588096	2959344034	4652310027927907723342638929661657088	444	46	444	790
  46.72	0	-0.000	8887	2422472832	2087191206	2690908578	65428304182531588096	2959344034	4652310027927907723342638929661657088	444	46	444	790
  46.78	0	-0.000	8887	2422472832	2087191206	2690908578	65428304182531588096	2959344034	4652310027927907723342638929661657088	444	46	444	790
  46.83	0	-0.000	8887	2422472832	2087191206	2690908578	65428304182531588096	2959344034	4652310027927907723342638929661657088	444	46	444	790
  46.88	0	-0.000	8887	2422472832	2087191206	2690908578	65428304182531588096	2959344034	4652310027927907723342638929661657088	444	46	444	790
  46.93	0	-0.000	8887	2422472832	2087191206	2690908578	65428304182531588096	2959344034	4652310027927907723342638929661657088	444	46	444	790
  46.98	0	-0.000	8887	2422472832	2087191206	2690908578	65428304182531588096	2959344034	4652310027927907723342638929661657088	444	46	444	790
  47.03	0	-0.000	8887	2422472832	2087191206	2690908578	65428304182531588096	2959344034	4652310027927907723342638929661657088	444	46	444	790
  47.09	0	-0.000	8887	2422472832	2087191206	2690908578	65428304182531588096	2959344034	4652310027927907723342638929661657088	444	46	444	790
  47.14	0	-0.000	8887	2422472832	2087191206	2690908578	65428304182531588096	2959344034	4652310027927907723342638929661657088	444	46	444	790
  47.20	0	-0.000	8887	2422472832	2087191206	2690908578	65428304182531588096	2959344034	4652310027927907723342638929661657088	444	46	444	790
  47.25	0	-0.000	8887	2422472832	2087191206	2690908578	65428304182531588096	2959344034	4652310027927907723342638929661657088	444	46	444	790
  47.30	0	-0.000	8887	2422472832	2087191206	2690908578	65428304182531588096	2959344034	4652310027927907723342638929661657088	444	46	444	790
  47.36	0	-0.000	8887	2422472832	2087191206	2690908578	65428304182531588096	2959344034	4652310027927907723342638929661657088	444	46	444	790
  47.41	0	-0.000	8887	2422472832	2087191206	2690908578	65428304182531588096	2959344034	4652310027927907723342638929661657088	444	46	444	790
  47.46	0	-0.000	8887	2422472832	2087191206	2690908578	65428304182531588096	2959344034	4652310027927907723342638929661657088	444	46	444	790
  47.52	0	-0.000	8887	2422472832	2087191206	2690908578	65428304182531588096	2959344034	4652310027927907723342638929661657088	444	46	444	790
  47.57	0	-0.000	8887	2422472832	2087191206	2690908578	65428304182531588096	2959344034	4652310027927907723342638929661657088	444	46	444	790
  47.62	0	-0.000	8887	2422472832	2087191206	2690908578	65428304182531588096	2959344034	4652310027927907723342638929661657088	444	46	444	790
  47.67	0	-0.000	8887	2422472832	2087191206	2690908578	65428304182531588096	2959344034	4652310027927907723342638929661657088	444	46	444	790
  47.72	0	-0.000	8887	2422472832	2087191206	2690908578	65428304182531588096	2959344034	4652310027927907723342638929661657088	444	46	444	790
  47.78	0	-0.000	8887	2422472832	2087191206	2690908578	65428304182531588096	2959344034	4652310027927907723342638929661657088	444	46	444	790
  47.83	0	-0.000	8887	2422472832	2087191206	2690908578	65428304182531588096	2959344034	4652310027927907723342638929661657088	444	46	444	790
  47.88	0	-0.000	8887	2422472832	2087191206	2690908578	65428304182531588096	2959344034	4652310027927907723342638929661657088	444	46	444	790
  47.94	0	-0.000	8887	2422472832	2087191206	2690908578	65428304182531588096	2959344034	4652310027927907723342638929661657088	444	46	444	790
  47.99	0	-0.000	8887	2422472832	2087191206	2690908578	65428304182531588096	2959344034	4652310027927907723342638929661657088	444	46	444	790
  48.04	0	-0.000	8887	2422472832	2087191206	2690908578	65428304182531588096	2959344034	4652310027927907723342638929661657088	444	46	444	790
  48.10	0	-0.000	8887	2422472832	2087191206	2690908578	65428304182531588096	2959344034	4652310027927907723342638929661657088	444	46	444	790
  48.15	0	-0.000	8887	2422472832	2087191206	2690908578	65428304182531588096	2959344034	4652310027927907723342638929661657088	444	46	444	790
  48.20	0	-0.000	8887	2422472832	2087191206	2690908578	65428304182531588096	2959344034	4652310027927907723342638929661657088	444	46	444	790
  48.26	0	-0.000	8887	2422472832	2087191206	2690908578	65428304182531588096	2959344034	4652310027927907723342638929661657088	444	46	444	790
  48.31	0	-0.000	8887	2422472832	2087191206	2690908578	65428304182531588096	2959344034	4652310027927907723342638929661657088	444	46	444	790
  48.36	0	-0.000	8887	2422472832	2087191206	2690908578	65428304182531588096	2959344034	4652310027927907723342638929661657088	444	46	444	790
  48.42	0	-0.000	8887	2422472832	2087191206	2690908578	65428304182531588096	2959344034	4652310027927907723342638929661657088	444	46	444	790
  48.47	0	-0.000	8887	2422472832	2087191206	2690908578	65428304182531588096	2959344034	4652310027927907723342638929661657088	444	46	444	790
  48.52	0	-0.000	8887	2422472832	2087191206	2690908578	65428304182531588096	2959344034	4652310027927907723342638929661657088	444	46	444	790
  48.58	0	-0.000	8887	2422472832	2087191206	2690908578	65428304182531588096	2959344034	4652310027927907723342638929661657088	444	46	444	790
  48.63	0	-0.000	8887	2422472832	2087191206	2690908578	65428304182531588096	2959344034	4652310027927907723342638929661657088	444	46	444	790
  48.68	0	-0.000	8887	2422472832	2087191206	2690908578	65428304182531588096	2959344034	4652310027927907723342638929661657088	444	46	444	790
  48.73	0	-0.000	8887	2422472832	2087191206	2690908578	65428304182531588096	2959344034	4652310027927907723342638929661657088	444	46	444	790
  48.79	0	-0.000	8887	2422472832	2087191206	2690908578	65428304182531588096	2959344034	4652310027927907723342638929661657088	444	46	444	790
  48.84	0	-0.000	8887	2422472832	2087191206	2690908578	65428304182531588096	2959344034	4652310027927907723342638929661657088	444	46	444	790
  48.89	0	-0.000	8887	2422472832	2087191206	2690908578	65428304182531588096	2959344034	4652310027927907723342638929661657088	444	46	444	790
  48.94	0	-0.000	8887	2422472832	2087191206	2690908578	65428304182531588096	2959344034	4652310027927907723342638929661657088	444	46	444	790
  49.00	0	-0.000	8887	2422472832	2087191206	2690908578	65428304182531588096	2959344034	4652310027927907723342638929661657088	444	46	444	790
  49.05	0	-0.000	8887	2422472832	2087191206	2690908578	65428304182531588096	2959344034	4652310027927907723342638929661657088	444	46	444	790
  49.10	0	-0.000	8887	2422472832	2087191206	2690908578	65428304182531588096	2959344034	4652310027927907723342638929661657088	444	46	444	790
  49.15	0	-0.000	8887	2422472832	2087191206	2690908578	65428304182531588096	2959344034	4652310027927907723342638929661657088	444	46	444	790
  49.21	0	-0.000	8887	2422472832	2087191206	2690908578	65428304182531588096	2959344034	4652310027927907723342638929661657088	444	46	444	790
  49.26	0	-0.000	8887	2422472832	2087191206	2690908578	65428304182531588096	2959344034	4652310027927907723342638929661657088	444	46	444	790
  49.32	0	-0.000	8887	2422472832	2087191206	2690908578	65428304182531588096	2959344034	4652310027927907723342638929661657088	444	46	444	790
  49.37	0	-0.000	8887	2422472832	2087191206	2690908578	65428304182531588096	2959344034	4652310027927907723342638929661657088	444	46	444	790
  49.42	0	-0.000	8887	2422472832	2087191206	2690908578	65428304182531588096	2959344034	4652310027927907723342638929661657088	444	46	444	790
  49.48	0	-0.000	8887	2422472832	2087191206	2690908578	65428304182531588096	2959344034	4652310027927907723342638929661657088	444	46	444	790
  49.53	0	-0.000	8887	2422472832	2087191206	2690908578	65428304182531588096	2959344034	4652310027927907723342638929661657088	444	46	444	790
  49.58	0	-0.000	8887	2422472832	2087191206	2690908578	65428304182531588096	2959344034	4652310027927907723342638929661657088	444	46	444	790
  49.63	0	-0.000	8887	2422472832	2087191206	2690908578	65428304182531588096	2959344034	4652310027927907723342638929661657088	444	46	444	790
  49.68	0	-0.000	8887	2422472832	2087191206	2690908578	65428304182531588096	2959344034	4652310027927907723342638929661657088	444	46	444	790
  49.74	0	-0.000	8887	2422472832	2087191206	2690908578	65428304182531588096	2959344034	4652310027927907723342638929661657088	444	46	444	790
  49.79	0	-0.000	8887	2422472832	2087191206	2690908578	65428304182531588096	2959344034	4652310027927907723342638929661657088	444	46	444	790
  49.85	0	-0.000	8887	2422472832	2087191206	2690908578	65428304182531588096	2959344034	4652310027927907723342638929661657088	444	46	444	790
  49.90	0	-0.000	8887	2422472832	2087191206	2690908578	65428304182531588096	2959344034	4652310027927907723342638929661657088	444	46	444	790
  49.95	0	-0.000	8887	2422472832	2087191206	2690908578	65428304182531588096	2959344034	4652310027927907723342638929661657088	444	46	444	790
  50.00	0	-0.000	8887	2422472832	2087191206	2690908578	65428304182531588096	2959344034	4652310027927907723342638929661657088	444	46	444	790
  50.05	0	-0.000	8887	2422472832	2087191206	2690908578	65428304182531588096	2959344034	4652310027927907723342638929661657088	444	46	444	790
  50.10	0	-0.000	8887	2422472832	2087191206	2690908578	65428304182531588096	2959344034	4652310027927907723342638929661657088	444	46	444	790
  50.16	0	-0.000	8887	2422472832	2087191206	2690908578	65428304182531588096	2959344034	4652310027927907723342638929661657088	444	46	444	790
  50.21	0	-0.000	8887	2422472832	2087191206	2690908578	65428304182531588096	2959344034	4652310027927907723342638929661657088	444	46	444	790
  50.26	0	-0.000	8887	2422472832	2087191206	2690908578	65428304182531588096	2959344034	4652310027927907723342638929661657088	444	46	444	790
  50.32	0	-0.000	8887	2422472832	2087191206	2690908578	65428304182531588096	2959344034	4652310027927907723342638929661657088	444	46	444	790
  50.37	0	-0.000	8887	2422472832	2087191206	2690908578	65428304182531588096	2959344034	4652310027927907723342638929661657088	444	46	444	790
  50.43	0	-0.000	8887	2422472832	2087191206	2690908578	65428304182531588096	2959344034	4652310027927907723342638929661657088	444	46	444	790
  50.48	0	-0.000	8887	2422472832	2087191206	2690908578	65428304182531588096	2959344034	4652310027927907723342638929661657088	444	46	444	790
  50.53	0	-0.000	8887	2422472832	2087191206	2690908578	65428304182531588096	2959344034	4652310027927907723342638929661657088	444	46	444	790
  50.58	0	-0.000	8887	2422472832	2087191206	2690908578	65428304182531588096	2959344034	4652310027927907723342638929661657088	444	46	444	790
  50.64	0	-0.000	8887	2422472832	2087191206	2690908578	65428304182531588096	2959344034	4652310027927907723342638929661657088	444	46	444	790
  50.69	0	-0.000	8887	2422472832	2087191206	2690908578	65428304182531588096	2959344034	4652310027927907723342638929661657088	444	46	444	790
  50.74	0	-0.000	8887	2422472832	2087191206	2690908578	65428304182531588096	2959344034	4652310027927907723342638929661657088	444	46	444	790
  50.79	0	-0.000	8887	2422472832	2087191206	2690908578	65428304182531588096	2959344034	4652310027927907723342638929661657088	444	46	444	790
  50.85	0	-0.000	8887	2422472832	2087191206	2690908578	65428304182531588096	2959344034	4652310027927907723342638929661657088	444	46	444	790
  50.90	0	-0.000	8887	2422472832	2087191206	2690908578	65428304182531588096	2959344034	4652310027927907723342638929661657088	444	46	444	790
  50.95	0	-0.000	8887	2422472832	2087191206	2690908578	65428304182531588096	2959344034	4652310027927907723342638929661657088	444	46	444	790
  51.01	0	-0.000	8887	2422472832	2087191206	2690908578	65428304182531588096	2959344034	4652310027927907723342638929661657088	444	46	444	790
  51.06	0	-0.000	8887	2422472832	2087191206	2690908578	65428304182531588096	2959344034	4652310027927907723342638929661657088	444	46	444	790
  51.12	0	-0.000	8887	2422472832	2087191206	2690908578	65428304182531588096	2959344034	4652310027927907723342638929661657088	444	46	444	790
  51.17	0	-0.000	8887	2422472832	2087191206	2690908578	65428304182531588096	2959344034	4652310027927907723342638929661657088	444	46	444	790
  51.23	0	-0.000	8887	2422472832	2087191206	2690908578	65428304182531588096	2959344034	4652310027927907723342638929661657088	444	46	444	790
  51.28	0	-0.000	8887	2422472832	2087191206	2690908578	65428304182531588096	2959344034	4652310027927907723342638929661657088	444	46	444	790
  51.33	0	-0.000	8887	2422472832	2087191206	2690908578	65428304182531588096	2959344034	4652310027927907723342638929661657088	444	46	444	790
  51.38	0	-0.000	8887	2422472832	2087191206	2690908578	65428304182531588096	2959344034	4652310027927907723342638929661657088	444	46	444	790
  51.44	0	-0.000	8887	2422472832	2087191206	2690908578	65428304182531588096	2959344034	4652310027927907723342638929661657088	444	46	444	790
  51.49	0	-0.000	8887	2422472832	2087191206	2690908578	65428304182531588096	2959344034	4652310027927907723342638929661657088	444	46	444	790
  51.55	0	-0.000	8887	2422472832	2087191206	2690908578	65428304182531588096	2959344034	4652310027927907723342638929661657088	444	46	444	790
  51.60	0	-0.000	8887	2422472832	2087191206	2690908578	65428304182531588096	2959344034	4652310027927907723342638929661657088	444	46	444	790
  51.65	0	-0.000	8887	2422472832	2087191206	2690908578	65428304182531588096	2959344034	4652310027927907723342638929661657088	444	46	444	790
  51.70	0	-0.000	8887	2422472832	2087191206	2690908578	65428304182531588096	2959344034	4652310027927907723342638929661657088	444	46	444	790
  51.76	0	-0.000	8887	2422472832	2087191206	2690908578	65428304182531588096	2959344034	4652310027927907723342638929661657088	444	46	444	790
  51.81	0	-0.000	8887	2422472832	2087191206	2690908578	65428304182531588096	2959344034	4652310027927907723342638929661657088	444	46	444	790
  51.86	0	-0.000	8887	2422472832	2087191206	2690908578	65428304182531588096	2959344034	4652310027927907723342638929661657088	444	46	444	790
  51.91	0	-0.000	8887	2422472832	2087191206	2690908578	65428304182531588096	2959344034	4652310027927907723342638929661657088	444	46	444	790
  51.97	0	-0.000	8887	2422472832	2087191206	2690908578	65428304182531588096	2959344034	4652310027927907723342638929661657088	444	46	444	790
  52.02	0	-0.000	8887	2422472832	2087191206	2690908578	65428304182531588096	2959344034	4652310027927907723342638929661657088	444	46	444	790
  52.08	0	-0.000	8887	2422472832	2087191206	2690908578	65428304182531588096	2959344034	4652310027927907723342638929661657088	444	46	444	790
  52.13	0	-0.000	8887	2422472832	2087191206	2690908578	65428304182531588096	2959344034	4652310027927907723342638929661657088	444	46	444	790
  52.18	0	-0.000	8887	2422472832	2087191206	2690908578	65428304182531588096	2959344034	4652310027927907723342638929661657088	444	46	444	790
  52.24	0	-0.000	8887	2422472832	2087191206	2690908578	65428304182531588096	2959344034	4652310027927907723342638929661657088	444	46	444	790
  52.29	0	-0.000	8887	2422472832	2087191206	2690908578	65428304182531588096	2959344034	4652310027927907723342638929661657088	444	46	444	790
  52.34	0	-0.000	8887	2422472832	2087191206	2690908578	65428304182531588096	2959344034	4652310027927907723342638929661657088	444	46	444	790
  52.40	0	-0.000	8887	2422472832	2087191206	2690908578	65428304182531588096	2959344034	4652310027927907723342638929661657088	444	46	444	790
  52.45	0	-0.000	8887	2422472832	2087191206	2690908578	65428304182531588096	2959344034	4652310027927907723342638929661657088	444	46	444	790
  52.50	0	-0.000	8887	2422472832	2087191206	2690908578	65428304182531588096	2959344034	4652310027927907723342638929661657088	444	46	444	790
  52.56	0	-0.000	8887	2422472832	2087191206	2690908578	65428304182531588096	2959344034	4652310027927907723342638929661657088	444	46	444	790
  52.61	0	-0.000	8887	2422472832	2087191206	2690908578	65428304182531588096	2959344034	4652310027927907723342638929661657088	444	46	444	790
  52.67	0	-0.000	8887	2422472832	2087191206	2690908578	65428304182531588096	2959344034	4652310027927907723342638929661657088	444	46	444	790
  52.72	0	-0.000	8887	2422472832	2087191206	2690908578	65428304182531588096	2959344034	4652310027927907723342638929661657088	444	46	444	790
  52.77	0	-0.000	8887	2422472832	2087191206	2690908578	65428304182531588096	2959344034	4652310027927907723342638929661657088	444	46	444	790
  52.82	0	-0.000	8887	2422472832	2087191206	2690908578	65428304182531588096	2959344034	4652310027927907723342638929661657088	444	46	444	790
  52.88	0	-0.000	8887	2422472832	2087191206	2690908578	65428304182531588096	2959344034	4652310027927907723342638929661657088	444	46	444	790
  52.93	0	-0.000	8887	2422472832	2087191206	2690908578	65428304182531588096	2959344034	4652310027927907723342638929661657088	444	46	444	790
  52.98	0	-0.000	8887	2422472832	2087191206	2690908578	65428304182531588096	2959344034	4652310027927907723342638929661657088	444	46	444	790
  53.04	0	-0.000	8887	2422472832	2087191206	2690908578	65428304182531588096	2959344034	4652310027927907723342638929661657088	444	46	444	790
  53.09	0	-0.000	8887	2422472832	2087191206	2690908578	65428304182531588096	2959344034	4652310027927907723342638929661657088	444	46	444	790
  53.15	0	-0.000	8887	2422472832	2087191206	2690908578	65428304182531588096	2959344034	4652310027927907723342638929661657088	444	46	444	790
  53.20	0	-0.000	8887	2422472832	2087191206	2690908578	65428304182531588096	2959344034	4652310027927907723342638929661657088	444	46	444	790
  53.25	0	-0.000	8887	2422472832	2087191206	2690908578	65428304182531588096	2959344034	4652310027927907723342638929661657088	444	46	444	790
  53.31	0	-0.000	8887	2422472832	2087191206	2690908578	65428304182531588096	2959344034	4652310027927907723342638929661657088	444	46	444	790
  53.36	0	-0.000	8887	2422472832	2087191206	2690908578	65428304182531588096	2959344034	4652310027927907723342638929661657088	444	46	444	790
  53.41	0	-0.000	8887	2422472832	2087191206	2690908578	65428304182531588096	2959344034	4652310027927907723342638929661657088	444	46	444	790
  53.46	0	-0.000	8887	2422472832	2087191206	2690908578	65428304182531588096	2959344034	4652310027927907723342638929661657088	444	46	444	790
  53.52	0	-0.000	8887	2422472832	2087191206	2690908578	65428304182531588096	2959344034	4652310027927907723342638929661657088	444	46	444	790
  53.57	0	-0.000	8887	2422472832	2087191206	2690908578	65428304182531588096	2959344034	4652310027927907723342638929661657088	444	46	444	790
  53.62	0	-0.000	8887	2422472832	2087191206	2690908578	65428304182531588096	2959344034	4652310027927907723342638929661657088	444	46	444	790
  53.68	0	-0.000	8887	2422472832	2087191206	2690908578	65428304182531588096	2959344034	4652310027927907723342638929661657088	444	46	444	790
  53.73	0	-0.000	8887	2422472832	2087191206	2690908578	65428304182531588096	2959344034	4652310027927907723342638929661657088	444	46	444	790
  53.78	0	-0.000	8887	2422472832	2087191206	2690908578	65428304182531588096	2959344034	4652310027927907723342638929661657088	444	46	444	790
  53.83	0	-0.000	8887	2422472832	2087191206	2690908578	65428304182531588096	2959344034	4652310027927907723342638929661657088	444	46	444	790
  53.89	0	-0.000	8887	2422472832	2087191206	2690908578	65428304182531588096	2959344034	4652310027927907723342638929661657088	444	46	444	790
  53.94	0	-0.000	8887	2422472832	2087191206	2690908578	65428304182531588096	2959344034	4652310027927907723342638929661657088	444	46	444	790
  53.99	0	-0.000	8887	2422472832	2087191206	2690908578	65428304182531588096	2959344034	4652310027927907723342638929661657088	444	46	444	790
  54.04	0	-0.000	8887	2422472832	2087191206	2690908578	65428304182531588096	2959344034	4652310027927907723342638929661657088	444	46	444	790
  54.10	0	-0.000	8887	2422472832	2087191206	2690908578	65428304182531588096	2959344034	4652310027927907723342638929661657088	444	46	444	790
  54.15	0	-0.000	8887	2422472832	2087191206	2690908578	65428304182531588096	2959344034	4652310027927907723342638929661657088	444	46	444	790
  54.20	0	-0.000	8887	2422472832	2087191206	2690908578	65428304182531588096	2959344034	4652310027927907723342638929661657088	444	46	444	790
  54.25	0	-0.000	8887	2422472832	2087191206	2690908578	65428304182531588096	2959344034	4652310027927907723342638929661657088	444	46	444	790
  54.31	0	-0.000	8887	2422472832	2087191206	2690908578	65428304182531588096	2959344034	4652310027927907723342638929661657088	444	46	444	790
  54.36	0	-0.000	8887	2422472832	2087191206	2690908578	65428304182531588096	2959344034	4652310027927907723342638929661657088	444	46	444	790
  54.41	0	-0.000	8887	2422472832	2087191206	2690908578	65428304182531588096	2959344034	4652310027927907723342638929661657088	444	46	444	790
  54.47	0	-0.000	8887	2422472832	2087191206	2690908578	65428304182531588096	2959344034	4652310027927907723342638929661657088	444	46	444	790
  54.52	0	-0.000	8887	2422472832	2087191206	2690908578	65428304182531588096	2959344034	4652310027927907723342638929661657088	444	46	444	790
  54.57	0	-0.000	8887	2422472832	2087191206	2690908578	65428304182531588096	2959344034	4652310027927907723342638929661657088	444	46	444	790
  54.63	0	-0.000	8887	2422472832	2087191206	2690908578	65428304182531588096	2959344034	4652310027927907723342638929661657088	444	46	444	790
  54.68	0	-0.000	8887	2422472832	2087191206	2690908578	65428304182531588096	2959344034	4652310027927907723342638929661657088	444	46	444	790
  54.73	0	-0.000	8887	2422472832	2087191206	2690908578	65428304182531588096	2959344034	4652310027927907723342638929661657088	444	46	444	790
  54.79	0	-0.000	8887	2422472832	2087191206	2690908578	65428304182531588096	2959344034	4652310027927907723342638929661657088	444	46	444	790
  54.85	0	-0.000	8887	2422472832	2087191206	2690908578	65428304182531588096	2959344034	4652310027927907723342638929661657088	444	46	444	790
  54.90	0	-0.000	8887	2422472832	2087191206	2690908578	65428304182531588096	2959344034	4652310027927907723342638929661657088	444	46	444	790
  54.95	0	-0.000	8887	2422472832	2087191206	2690908578	65428304182531588096	2959344034	4652310027927907723342638929661657088	444	46	444	790
  55.00	0	-0.000	8887	2422472832	2087191206	2690908578	65428304182531588096	2959344034	4652310027927907723342638929661657088	444	46	444	790
  55.06	0	-0.000	8887	2422472832	2087191206	2690908578	65428304182531588096	2959344034	4652310027927907723342638929661657088	444	46	444	790
  55.11	0	-0.000	8887	2422472832	2087191206	2690908578	65428304182531588096	2959344034	4652310027927907723342638929661657088	444	46	444	790
  55.17	0	-0.000	8887	2422472832	2087191206	2690908578	65428304182531588096	2959344034	4652310027927907723342638929661657088	444	46	444	790
  55.22	0	-0.000	8887	2422472832	2087191206	2690908578	65428304182531588096	2959344034	4652310027927907723342638929661657088	444	46	444	790
  55.27	0	-0.000	8887	2422472832	2087191206	2690908578	65428304182531588096	2959344034	4652310027927907723342638929661657088	444	46	444	790
  55.33	0	-0.000	8887	2422472832	2087191206	2690908578	65428304182531588096	2959344034	4652310027927907723342638929661657088	444	46	444	790
  55.38	0	-0.000	8887	2422472832	2087191206	2690908578	65428304182531588096	2959344034	4652310027927907723342638929661657088	444	46	444	790
  55.43	0	-0.000	8887	2422472832	2087191206	2690908578	65428304182531588096	2959344034	4652310027927907723342638929661657088	444	46	444	790
  55.49	0	-0.000	8887	2422472832	2087191206	2690908578	65428304182531588096	2959344034	4652310027927907723342638929661657088	444	46	444	790
  55.54	0	-0.000	8887	2422472832	2087191206	2690908578	65428304182531588096	2959344034	4652310027927907723342638929661657088	444	46	444	790
  55.59	0	-0.000	8887	2422472832	2087191206	2690908578	65428304182531588096	2959344034	4652310027927907723342638929661657088	444	46	444	790
  55.64	0	-0.000	8887	2422472832	2087191206	2690908578	65428304182531588096	2959344034	4652310027927907723342638929661657088	444	46	444	790
  55.70	0	-0.000	8887	2422472832	2087191206	2690908578	65428304182531588096	2959344034	4652310027927907723342638929661657088	444	46	444	790
  55.75	0	-0.000	8887	2422472832	2087191206	2690908578	65428304182531588096	2959344034	4652310027927907723342638929661657088	444	46	444	790
  55.80	0	-0.000	8887	2422472832	2087191206	2690908578	65428304182531588096	2959344034	4652310027927907723342638929661657088	444	46	444	790
  55.85	0	-0.000	8887	2422472832	2087191206	2690908578	65428304182531588096	2959344034	4652310027927907723342638929661657088	444	46	444	790
  55.91	0	-0.000	8887	2422472832	2087191206	2690908578	65428304182531588096	2959344034	4652310027927907723342638929661657088	444	46	444	790
  55.96	0	-0.000	8887	2422472832	2087191206	2690908578	65428304182531588096	2959344034	4652310027927907723342638929661657088	444	46	444	790
  56.01	0	-0.000	8887	2422472832	2087191206	2690908578	65428304182531588096	2959344034	4652310027927907723342638929661657088	444	46	444	790
  56.07	0	-0.000	8887	2422472832	2087191206	2690908578	65428304182531588096	2959344034	4652310027927907723342638929661657088	444	46	444	790
  56.12	0	-0.000	8887	2422472832	2087191206	2690908578	65428304182531588096	2959344034	4652310027927907723342638929661657088	444	46	444	790
  56.17	0	-0.000	8887	2422472832	2087191206	2690908578	65428304182531588096	2959344034	4652310027927907723342638929661657088	444	46	444	790
  56.23	0	-0.000	8887	2422472832	2087191206	2690908578	65428304182531588096	2959344034	4652310027927907723342638929661657088	444	46	444	790
  56.28	0	-0.000	8887	2422472832	2087191206	2690908578	65428304182531588096	2959344034	4652310027927907723342638929661657088	444	46	444	790
  56.33	0	-0.000	8887	2422472832	2087191206	2690908578	65428304182531588096	2959344034	4652310027927907723342638929661657088	444	46	444	790
  56.39	0	-0.000	8887	2422472832	2087191206	2690908578	65428304182531588096	2959344034	4652310027927907723342638929661657088	444	46	444	790
  56.44	0	-0.000	8887	2422472832	2087191206	2690908578	65428304182531588096	2959344034	4652310027927907723342638929661657088	444	46	444	790
  56.50	0	-0.000	8887	2422472832	2087191206	2690908578	65428304182531588096	2959344034	4652310027927907723342638929661657088	444	46	444	790
  56.55	0	-0.000	8887	2422472832	2087191206	2690908578	65428304182531588096	2959344034	4652310027927907723342638929661657088	444	46	444	790
  56.60	0	-0.000	8887	2422472832	2087191206	2690908578	65428304182531588096	2959344034	4652310027927907723342638929661657088	444	46	444	790
  56.65	0	-0.000	8887	2422472832	2087191206	2690908578	65428304182531588096	2959344034	4652310027927907723342638929661657088	444	46	444	790
  56.70	0	-0.000	8887	2422472832	2087191206	2690908578	65428304182531588096	2959344034	4652310027927907723342638929661657088	444	46	444	790
  56.75	0	-0.000	8887	2422472832	2087191206	2690908578	65428304182531588096	2959344034	4652310027927907723342638929661657088	444	46	444	790
  56.81	0	-0.000	8887	2422472832	2087191206	2690908578	65428304182531588096	2959344034	4652310027927907723342638929661657088	444	46	444	790
  56.86	0	-0.000	8887	2422472832	2087191206	2690908578	65428304182531588096	2959344034	4652310027927907723342638929661657088	444	46	444	790
  56.91	0	-0.000	8887	2422472832	2087191206	2690908578	65428304182531588096	2959344034	4652310027927907723342638929661657088	444	46	444	790
  56.97	0	-0.000	8887	2422472832	2087191206	2690908578	65428304182531588096	2959344034	4652310027927907723342638929661657088	444	46	444	790
  57.02	0	-0.000	8887	2422472832	2087191206	2690908578	65428304182531588096	2959344034	4652310027927907723342638929661657088	444	46	444	790
  57.08	0	-0.000	8887	2422472832	2087191206	2690908578	65428304182531588096	2959344034	4652310027927907723342638929661657088	444	46	444	790
  57.13	0	-0.000	8887	2422472832	2087191206	2690908578	65428304182531588096	2959344034	4652310027927907723342638929661657088	444	46	444	790
  57.18	0	-0.000	8887	2422472832	2087191206	2690908578	65428304182531588096	2959344034	4652310027927907723342638929661657088	444	46	444	790
  57.24	0	-0.000	8887	2422472832	2087191206	2690908578	65428304182531588096	2959344034	4652310027927907723342638929661657088	444	46	444	790
  57.29	0	-0.000	8887	2422472832	2087191206	2690908578	65428304182531588096	2959344034	4652310027927907723342638929661657088	444	46	444	790
  57.34	0	-0.000	8887	2422472832	2087191206	2690908578	65428304182531588096	2959344034	4652310027927907723342638929661657088	444	46	444	790
  57.40	0	-0.000	8887	2422472832	2087191206	2690908578	65428304182531588096	2959344034	4652310027927907723342638929661657088	444	46	444	790
  57.45	0	-0.000	8887	2422472832	2087191206	2690908578	65428304182531588096	2959344034	4652310027927907723342638929661657088	444	46	444	790
  57.50	0	-0.000	8887	2422472832	2087191206	2690908578	65428304182531588096	2959344034	4652310027927907723342638929661657088	444	46	444	790
  57.55	0	-0.000	8887	2422472832	2087191206	2690908578	65428304182531588096	2959344034	4652310027927907723342638929661657088	444	46	444	790
  57.61	0	-0.000	8887	2422472832	2087191206	2690908578	65428304182531588096	2959344034	4652310027927907723342638929661657088	444	46	444	790
  57.66	0	-0.000	8887	2422472832	2087191206	2690908578	65428304182531588096	2959344034	4652310027927907723342638929661657088	444	46	444	790
  57.71	0	-0.000	8887	2422472832	2087191206	2690908578	65428304182531588096	2959344034	4652310027927907723342638929661657088	444	46	444	790
  57.76	0	-0.000	8887	2422472832	2087191206	2690908578	65428304182531588096	2959344034	4652310027927907723342638929661657088	444	46	444	790
  57.82	0	-0.000	8887	2422472832	2087191206	2690908578	65428304182531588096	2959344034	4652310027927907723342638929661657088	444	46	444	790
  57.87	0	-0.000	8887	2422472832	2087191206	2690908578	65428304182531588096	2959344034	4652310027927907723342638929661657088	444	46	444	790
  57.93	0	-0.000	8887	2422472832	2087191206	2690908578	65428304182531588096	2959344034	4652310027927907723342638929661657088	444	46	444	790
  57.98	0	-0.000	8887	2422472832	2087191206	2690908578	65428304182531588096	2959344034	4652310027927907723342638929661657088	444	46	444	790
  58.03	0	-0.000	8887	2422472832	2087191206	2690908578	65428304182531588096	2959344034	4652310027927907723342638929661657088	444	46	444	790
  58.08	0	-0.000	8887	2422472832	2087191206	2690908578	65428304182531588096	2959344034	4652310027927907723342638929661657088	444	46	444	790
  58.14	0	-0.000	8887	2422472832	2087191206	2690908578	65428304182531588096	2959344034	4652310027927907723342638929661657088	444	46	444	790
  58.19	0	-0.000	8887	2422472832	2087191206	2690908578	65428304182531588096	2959344034	4652310027927907723342638929661657088	444	46	444	790
  58.24	0	-0.000	8887	2422472832	2087191206	2690908578	65428304182531588096	2959344034	4652310027927907723342638929661657088	444	46	444	790
  58.30	0	-0.000	8887	2422472832	2087191206	2690908578	65428304182531588096	2959344034	4652310027927907723342638929661657088	444	46	444	790
  58.35	0	-0.000	8887	2422472832	2087191206	2690908578	65428304182531588096	2959344034	4652310027927907723342638929661657088	444	46	444	790
  58.41	0	-0.000	8887	2422472832	2087191206	2690908578	65428304182531588096	2959344034	4652310027927907723342638929661657088	444	46	444	790
  58.46	0	-0.000	8887	2422472832	2087191206	2690908578	65428304182531588096	2959344034	4652310027927907723342638929661657088	444	46	444	790
  58.51	0	-0.000	8887	2422472832	2087191206	2690908578	65428304182531588096	2959344034	4652310027927907723342638929661657088	444	46	444	790
  58.57	0	-0.000	8887	2422472832	2087191206	2690908578	65428304182531588096	2959344034	4652310027927907723342638929661657088	444	46	444	790
  58.62	0	-0.000	8887	2422472832	2087191206	2690908578	65428304182531588096	2959344034	4652310027927907723342638929661657088	444	46	444	790
  58.67	0	-0.000	8887	2422472832	2087191206	2690908578	65428304182531588096	2959344034	4652310027927907723342638929661657088	444	46	444	790
  58.73	0	-0.000	8887	2422472832	2087191206	2690908578	65428304182531588096	2959344034	4652310027927907723342638929661657088	444	46	444	790
  58.78	0	-0.000	8887	2422472832	2087191206	2690908578	65428304182531588096	2959344034	4652310027927907723342638929661657088	444	46	444	790
  58.83	0	-0.000	8887	2422472832	2087191206	2690908578	65428304182531588096	2959344034	4652310027927907723342638929661657088	444	46	444	790
  58.88	0	-0.000	8887	2422472832	2087191206	2690908578	65428304182531588096	2959344034	4652310027927907723342638929661657088	444	46	444	790
  58.93	0	-0.000	8887	2422472832	2087191206	2690908578	65428304182531588096	2959344034	4652310027927907723342638929661657088	444	46	444	790
  58.99	0	-0.000	8887	2422472832	2087191206	2690908578	65428304182531588096	2959344034	4652310027927907723342638929661657088	444	46	444	790
  59.04	0	-0.000	8887	2422472832	2087191206	2690908578	65428304182531588096	2959344034	4652310027927907723342638929661657088	444	46	444	790
  59.10	0	-0.000	8887	2422472832	2087191206	2690908578	65428304182531588096	2959344034	4652310027927907723342638929661657088	444	46	444	790
  59.15	0	-0.000	8887	2422472832	2087191206	2690908578	65428304182531588096	2959344034	4652310027927907723342638929661657088	444	46	444	790
  59.21	0	-0.000	8887	2422472832	2087191206	2690908578	65428304182531588096	2959344034	4652310027927907723342638929661657088	444	46	444	790
  59.26	0	-0.000	8887	2422472832	2087191206	2690908578	65428304182531588096	2959344034	4652310027927907723342638929661657088	444	46	444	790
  59.31	0	-0.000	8887	2422472832	2087191206	2690908578	65428304182531588096	2959344034	4652310027927907723342638929661657088	444	46	444	790
  59.37	0	-0.000	8887	2422472832	2087191206	2690908578	65428304182531588096	2959344034	4652310027927907723342638929661657088	444	46	444	790
  59.42	0	-0.000	8887	2422472832	2087191206	2690908578	65428304182531588096	2959344034	4652310027927907723342638929661657088	444	46	444	790
  59.48	0	-0.000	8887	2422472832	2087191206	2690908578	65428304182531588096	2959344034	4652310027927907723342638929661657088	444	46	444	790
  59.53	0	-0.000	8887	2422472832	2087191206	2690908578	65428304182531588096	2959344034	4652310027927907723342638929661657088	444	46	444	790
  59.58	0	-0.000	8887	2422472832	2087191206	2690908578	65428304182531588096	2959344034	4652310027927907723342638929661657088	444	46	444	790
  59.63	0	-0.000	8887	2422472832	2087191206	2690908578	65428304182531588096	2959344034	4652310027927907723342638929661657088	444	46	444	790
  59.68	0	-0.000	8887	2422472832	2087191206	2690908578	65428304182531588096	2959344034	4652310027927907723342638929661657088	444	46	444	790
  59.74	0	-0.000	8887	2422472832	2087191206	2690908578	65428304182531588096	2959344034	4652310027927907723342638929661657088	444	46	444	790
  59.79	0	-0.000	8887	2422472832	2087191206	2690908578	65428304182531588096	2959344034	4652310027927907723342638929661657088	444	46	444	790
  59.84	0	-0.000	8887	2422472832	2087191206	2690908578	65428304182531588096	2959344034	4652310027927907723342638929661657088	444	46	444	790
  59.89	0	-0.000	8887	2422472832	2087191206	2690908578	65428304182531588096	2959344034	4652310027927907723342638929661657088	444	46	444	790
  59.95	0	-0.000	8887	2422472832	2087191206	2690908578	65428304182531588096	2959344034	4652310027927907723342638929661657088	444	46	444	790
  60.00	0	-0.000	8887	2422472832	2087191206	2690908578	65428304182531588096	2959344034	4652310027927907723342638929661657088	444	46	444	790
